finding_id,name,place,category,cluster_or_corridor,what_is_it,why_exceptional,traveler_signal,detour_km,detour_time,visit_time,extra_travel_time,almost_free,material_strengthens_cluster,disposition,source_urls,confidence_notes
K01,"Jim Corbett National Park / Tiger Reserve","Ramnagar / Corbett landscape, Nainital district, Uttarakhand",wildlife,"Kumaon cluster / deliberate southern side-trip","India's oldest national park/tiger-reserve landscape with jeep/canter safari zones, dense sal forest, riverine habitat, elephants, tiger and rich birdlife.","India-level wildlife magnet: historic first national park plus genuine large-mammal safari experience; the forest itself remains a draw even when tiger sightings fail.","2026 TripAdvisor reports range from 'best experience of my life' and repeated tiger/elephant encounters to disappointment about sightings, guides and driving discipline; strong but inherently variable safari signal.","~130-140 km RT from Nainital if done out-and-back; less if integrated via Ramnagar","~4 h RT driving from Nainital, route/traffic dependent","one safari ~3-4 h; realistically half-day to overnight","~7-8 h minimum from Nainital as an out-and-back safari day",NO,YES,CLUSTER_MAGNET,"https://corbettgov.org/;https://www.uttarakhandtourism.gov.in/destination/corbett-national-park;https://www.tripadvisor.com/Attraction_Review-g3997717-d8383183-Reviews-Jim_Corbett_National_Park-Ramnagar_West_Champaran_District_Bihar.html","High confidence on magnet status; sighting quality and zone access are variable. Check current official zone openings/booking before routing."
K02,"Jageshwar archaeological temple ensemble","Jageshwar, Almora district, Uttarakhand",archaeology_architecture_nature,"Kumaon cluster / Almora-Jageshwar side","A compact ensemble of more than 100 early-medieval stone temples, sculptures and inscriptions beside the Jata Ganga in a mature deodar forest, with an ASI archaeological museum.","The combination of a nationally important early-medieval temple ensemble, archaeology museum and cedar-forest setting is exceptional even without religious interest.","TripAdvisor 4.6/5 with hundreds of reviews and Travelers' Choice signal; recent visitors call the 125-temple complex a must-explore, while experienced travelers repeatedly emphasize the forest/architecture as much as worship.","~70-80 km RT from Almora if out-and-back; can be paired with Lakhudiyar","~2.5-3 h RT mountain driving from Almora","1.5-2.5 h","~4-5.5 h total incremental if out-and-back from Almora",YES,"YES — adds a rare archaeology/forest anchor",CLUSTER_MAGNET,"https://www.uttarakhandtourism.gov.in/destination/jageshwar;https://almora.nic.in/binsar-to-jageshwar/;https://www.tripadvisor.com/Attraction_Review-g3606142-d4401132-Reviews-Jageshwar_Dham-Jageshwar_Almora_District_Uttarakhand.html","High confidence on significance; road-time estimate is planning-grade, not live navigation."
K03,"Binsar Wildlife Sanctuary + Zero Point","Binsar, Almora district, Uttarakhand",mountain_forest_hiking,"Kumaon cluster / Almora-Binsar","Oak-rhododendron Himalayan sanctuary around 2,400 m; short forest walk to Zero Point with a broad high-Himalaya panorama including Nanda Devi/Trishul in clear weather.","Kumaon-level landscape quality: one of the region's strongest combinations of intact mountain forest, birding and high-peak panorama within a short walk.","Traveler signal is strong for forest stillness, walking and Himalayan views, but wildlife sightings and internal road condition generate some negative reviews; best treated as landscape first, safari second.","~60 km RT from Almora (officially about 30 km one-way)","~2-2.5 h RT mountain driving","2-4 h including Zero Point walk","~4-6.5 h",CONDITIONAL,"YES — materially deepens Kumaon's nature layer",STRONG_ADDON,"https://www.uttarakhandtourism.gov.in/explore/binsar;https://www.uttarakhandtourism.gov.in/public/destination/binsar;https://www.tripadvisor.com/Attraction_Review-g1162502-d639918-Reviews-Binsar_Wildlife_Sanctuary-Binsar_Almora_District_Uttarakhand.html","High confidence on landscape; clear-sky panorama is weather-dependent."
K04,"Naina Peak (Cheena Peak) trek","Nainital, Uttarakhand",short_hike_viewpoint,"Kumaon cluster / Nainital core","Forest trek to the highest point around Nainital, overlooking Naini Lake and, in clear conditions, the main Kumaon Himalayan skyline.","A genuine short mountain experience starting at the cluster core rather than a drive-up photo stop; unusually high return in scenery per added travel kilometre.","TripAdvisor 4.4/5 from 200+ reviews; a June 2026 Reddit traveler called the snow-covered trek one of the best easy treks of their life, and other recent/local threads repeatedly single out sunrise/early morning.","~0 road detour from Nainital; trail access only","negligible road time","~2-4 h round trip depending trailhead/fitness","visit time only",YES,"YES — adds a high-value walk without moving the cluster",STRONG_ADDON,"https://uttarakhandtourism.gov.in/destination/nainital/;https://www.tripadvisor.com/Attraction_Review-g660548-d4088694-Reviews-Naina_Peak-Nainital_Nainital_District_Uttarakhand.html;https://www.reddit.com/r/india_tourism/comments/1uaqsd9/nainital_jan_26/","High confidence as a low-detour addon. Sunrise-before-opening/safety claims vary; do not assume pre-dawn access without local check."
K05,"Katarmal Sun Temple","Katarmal, near Almora, Uttarakhand",architecture_archaeology,"Kumaon cluster / Almora side","ASI-protected hilltop complex of roughly 45 stone shrines centered on an approximately thousand-year-old Surya temple, reached by a short uphill approach.","One of the rare major historic Sun-temple ensembles in the central Himalaya, combining early architecture with a broad hill panorama.","TripAdvisor 4.5/5; recent 2026 visitors specifically recommend it to history lovers and describe the short walk and panorama as part of the appeal.","~34 km RT from Almora (about 17 km one-way)","~1-1.5 h RT driving plus approach","1-1.5 h","~2-3 h",YES,"YES — strengthens the heritage layer",STRONG_ADDON,"https://www.uttarakhandtourism.gov.in/destination/ranikhet;https://www.tripadvisor.com/Attraction_Review-g679053-d3536104-Reviews-Katarmal_Sun_Temple-Almora_Almora_District_Uttarakhand.html","High confidence on heritage value; exact approach/parking time should be rechecked locally."
K06,"Lakhudiyar prehistoric painted rock shelter","Barechhina / Almora-Jageshwar road, Almora district, Uttarakhand",prehistoric_rock_art,"Kumaon cluster / Almora-Jageshwar corridor","Small rock shelter above the road containing prehistoric painted figures; academically one of the important Himalayan rock-art sites.","The significance is far greater than the presentation: a genuine prehistoric Himalayan art site that can be added to the Jageshwar drive with almost no route cost.","TripAdvisor traveler signal is mixed (poor signage/maintenance, easy to miss), but experienced reviewers value the rarity; that mismatch is exactly why it qualifies as a micro-gem rather than a magnet.","~0-2 km route deviation on Almora-Jageshwar road","<10-15 min extra driving","20-40 min","~30-50 min",YES,NO,MICRO_GEM,"https://www.uttarakhandtourism.gov.in/destination/almora;https://ignca.gov.in/the-art-on-rocks/;https://www.tripadvisor.com/Attraction_Review-g679053-d8476218-Reviews-Pre_Historic_Painted_Rock_Shelter-Almora_Almora_District_Uttarakhand.html","High confidence on archaeological importance; low confidence on on-site interpretation/maintenance quality."
K07,"Dwarahat historic temple groups","Dwarahat, Almora district, Uttarakhand",architecture_archaeology,"Kumaon cluster / Ranikhet-Dwarahat-Dunagiri-Kukuchina spine","Multiple compact 10th-12th century stone-temple groups scattered through Dwarahat; several groups are listed as Monuments of National Importance.","Not one photogenic shrine but a concentration of nationally protected early-medieval architecture directly on the logical Ranikhet-Dunagiri/Kukuchina line.","Small review base, but travelers repeatedly call Dwarahat a hidden architectural treasure; this is supported by national-monument listings rather than hype alone.","~0-3 km if already using Dwarahat as the route spine","0-10 min driving","1-2 h","~1-2 h",YES,"YES — notably improves a route already required by the spiritual cluster",STRONG_ADDON,"https://www.uttarakhand-tourism.com/uttarakhand/dwarahat.php;https://www.euttaranchal.com/tourism-theme/monuments-of-national-importance-103.php;https://www.tripadvisor.com/Attraction_Review-g679053-d1219314-Reviews-Dwarahat_Village-Almora_Almora_District_Uttarakhand.html","Moderate-high confidence; monument-group access/opening can be informal and should be checked on the day."
K08,"Kumaon Regimental Centre Museum","Ranikhet, Almora district, Uttarakhand",military_history_museum,"Kumaon cluster / Ranikhet core","Compact regimental museum with uniforms, medals, captured flags/weapons, 1962/Kargil material and unusual historical objects linked to the Kumaon Regiment.","A genuinely specific military-history collection rather than a generic local museum; Ministry of Culture directory documents nationally significant regimental material.","TripAdvisor 4.4/5; visitors repeatedly call it a must in Ranikhet, especially for military-history interest. Photography/ID rules can be strict.","~0-2 km within Ranikhet","0-10 min","45-75 min","~1 h",YES,NO,MICRO_GEM,"https://www.culture.gov.in/files/inline-documents/Directory_of_Indian_Museums_080620231.pdf;https://www.tripadvisor.com/Attraction_Review-g679053-d3705350-Reviews-Kumaon_Regimental_Centre_Museum-Almora_Almora_District_Uttarakhand.html","High confidence on collection; current opening hours/ID/photo policy should be verified shortly before visit."
K09,"Butterfly Research Centre","June Estate / Jones Estate Road, Bhimtal, Nainital district, Uttarakhand",natural_history_micro_museum,"Kumaon cluster / Bhimtal-Sattal side","Private research collection associated with the Smetacek naturalist family, with roughly 2,500 butterfly/moth specimens and a strong local conservation story.","A rare one-person/lifetime natural-history collection with specialist credibility; Uttarakhand Tourism itself points to the butterfly museum as a major Sattal-area attraction.","Specialist travelers/naturalists are highly enthusiastic about Peter Smetacek's explanations and the collection; some casual visitors find it small or rustic. A local Reddit post on 21 Aug 2026 independently highlighted it as an underrated place.","~3 km RT from Bhimtal; roughly ~30-40 km RT if detoured from Kainchi/Bhowali instead of using Bhimtal-Sattal side","~10 min from Bhimtal; ~45-70 min if a separate Kainchi/Bhowali side-trip","~1 h","~1-2 h depending routing",NO,NO,MICRO_GEM,"https://timesofindia.indiatimes.com/travel/bhimtal/travel-guide/cs93895013.cms;https://www.tripadvisor.com/Attraction_Review-g679051-d7808680-Reviews-Butterfly_Research_Centre_and_Fundraiser_Cafe-Bhimtal_Nainital_District_Uttarakha.html;https://www.reddit.com/r/Nainital/comments/1vup48i/cool_places_to_visit_in_nainital/","High confidence as niche micro-gem; call/check opening before making a dedicated detour."
K10,"Sakley's Restaurant & Pastry Shop (1944)","Mallital / Mall Road area, Nainital, Uttarakhand",historic_food_cult_address,"Kumaon cluster / Nainital core","Long-running pastry/restaurant institution dating to 1944, retained here only because the address itself has landmark/cult status rather than because it is merely a good place to eat.","One of Nainital's oldest food institutions and repeatedly described in travel journalism as a town landmark/favorite; exactly the requested 'old cult bakery' class of micro-find.","TripAdvisor has hundreds of reviews and current Travelers' Choice signal; Condé Nast and Times travel coverage describe it as a long-standing town favorite/landmark.","0 km if walking central Nainital","0 min","20-45 min","visit time only",NO,NO,MICRO_GEM,"https://www.tripadvisor.com/Restaurant_Review-g660548-d1200190-Reviews-Sakley_s_Restaurant_Pastry_Shop-Nainital_Nainital_District_Uttarakhand.html;https://timesofindia.indiatimes.com/travel/eating-out/sakleys-restaurant-and-pastry-shop/articleshow/49320547.cms;https://www.cntraveller.in/story/nainital-uttarakhand-local-travel/","High confidence on cult/historic status; not being recommended as 'best restaurant'."
K11,"Kheem Singh Mohan Singh Rautela + Bal Mithai","Mall Road / near Roadways Bus Station, Almora, Uttarakhand",historic_food_local_product,"Kumaon cluster / Almora core","Century-scale sweet shop strongly associated with Almora's Bal Mithai, a traditional local confection with documented souvenir/cult status.","The product is part of Almora's regional identity rather than generic sweets; government/region sources recognize Bal Mithai as a signature product and travel sources describe its cult souvenir status.","Experienced TripAdvisor contributors call this shop one of the most renowned/old addresses and Bal Mithai a thing to taste/take home; the stop costs only minutes if already in Almora.","~0-1 km in central Almora","0-10 min / walkable depending parking","10-20 min","~10-30 min",NO,NO,MICRO_GEM,"https://www.tripadvisor.com/Attraction_Review-g679053-d26861756-Reviews-Kheem_Singh_Mohan_Singh_Rautela_Sweets-Almora_Almora_District_Uttarakhand.html;https://www.india.gov.in/explore-india/odop/details/bal-mithai;https://www.kmvn.in/medias/ebook_document/ebook25295851170806312064191855062395568_385992553.pdf","High confidence on product identity; exact shop age claims vary by secondary source, so described conservatively as century-scale."
K12,"Sattal seven-lake forest landscape","Sattal, Nainital district, Uttarakhand",lakes_birding_nature_walk,"Kumaon cluster / Bhimtal-Sattal side","Cluster of seven interconnected freshwater lakes embedded in oak/pine forest, with birding, kayaking/boating and short nature walks.","More than another hill-station lake: the seven-lake system plus forest/bird habitat gives it a distinct Kumaon-level natural identity.","Uttarakhand Tourism calls it one of Uttarakhand's stunning nature gems and a birding destination; TripAdvisor 4.4/5 with 200+ reviews, though recent visitors flag commercialization at the busiest lakefronts.","~15-20 km RT from Bhimtal/Bhowali routing spine, depending approach","~30-45 min RT","1.5-3 h","~2-4 h",CONDITIONAL,"YES — strengthens lake/forest diversity",STRONG_ADDON,"https://www.uttarakhandtourism.gov.in/destination/sattal;https://www.uttarakhandtourism.gov.in/tourism-circuit-details/lakes-of-kumaon;https://www.tripadvisor.com/Attraction_Review-g4108271-d4400678-Reviews-Sattal_Lake-Sattal_Nainital_District_Uttarakhand.html","High confidence; quality is better away from busiest boating frontage."
K13,"Pangot-Kilbury birding forest","Pangot / Kilbury, near Nainital, Uttarakhand",birding_forest_drive_hike,"Kumaon cluster / Nainital north-west","Quiet oak/rhododendron forest and birding corridor roughly 12-15 km from Nainital, linked to the Naina Peak-Pangot trekking landscape.","For birders/walkers it is one of the strongest low-distance ways to escape Nainital's crowd and enter real Himalayan forest without committing to a remote trek.","TripAdvisor 4.4/5; recent 2026 Reddit backpackers describe Pangot as a different world only 15 km away, with quiet forest walking and birdlife. Less compelling for travelers uninterested in birds/forest.","~24-30 km RT from Nainital","~1-1.5 h RT driving","2-4 h","~3-5.5 h",CONDITIONAL,"YES for nature/birding profile",STRONG_ADDON,"https://uttarakhandtourism.gov.in/destination/nainital/;https://www.tripadvisor.com/Attraction_Review-g660548-d4088747-Reviews-Pangot_and_Kilbury_Bird_Sanctuary-Nainital_Nainital_District_Uttarakhand.html;https://www.reddit.com/r/india_tourism/comments/1v4904o/nainitalranikhetpangotalmora_weekend_getaway/","High confidence for birding/forest niche; road condition beyond Pangot can be rough."
K14,"Nandhaur Wildlife Sanctuary","Chorgalia / Haldwani Forest Division, Uttarakhand",wildlife_safari,"Kumaon cluster / Haldwani-Haidakhan side","Large Terai-Arc sanctuary (~269-270 sq km) with elephant, tiger, leopard, bear and 200+ bird species; safari zones are managed by Haldwani Forest Division.","A relatively undiscovered protected landscape with genuine large-mammal habitat, not a decorative local park; useful counterweight to crowded Corbett for specialist naturalists.","Official ecological case is strong; travel journalism describes it as more for serious naturalists than mass tourists. Independent traveler-review volume is much thinner than Corbett, so it is not promoted to magnet.","~64 km RT from Haldwani to Chorgalia gate (about 32 km one-way)","~2 h RT driving","~4 h safari","~6 h",NO,"YES, but only for wildlife-positive travelers",STRONG_ADDON,"https://nandhaurwildlife.uk.gov.in/;https://nandhaurwildlife.uk.gov.in/attractions/jungle-safari;https://www.uttarakhandtourism.gov.in/explore/nandhaur-wildlife-sanctuary;https://www.outlookindia.com/traveller/ot-getaway-guides/nandhaur-wildlife-sanctuary","Moderate-high confidence; thin traveler consensus means this remains a specialist addon."
R01,"Shivpuri-Rishikesh white-water rafting","Shivpuri to Rishikesh, Uttarakhand",adventure_rafting,"Haridwar-Kankhal-Rishikesh cluster","Commercially guided Ganges rafting, commonly 11-16 km from Shivpuri with named rapids; longer sections reach Grade IV territory.","This is a nationally recognized adventure experience, not a local add-on: Rishikesh is one of India's defining white-water destinations and the river gorge/scenery is part of the experience.","TripAdvisor rafting operators/attractions score around 4.7-4.9 with hundreds of reviews; 2026 travelers repeatedly call it thrilling/must-do. Local Reddit on 17 Aug 2026 reported monsoon closure, consistent with official Sep-Jun season guidance.","~19 km outbound shuttle to Shivpuri; raft returns toward Rishikesh","~35-50 min road shuttle","~2.5-4 h for common section incl. briefing/transfers","~3-4.5 h total",NO,"YES — strongest non-spiritual A-pressure in this cluster",CLUSTER_MAGNET,"https://www.uttarakhandtourism.gov.in/destination/rishikesh;https://uttarakhandtourism.gov.in/public/package-details/Rishikesh%20River%20Rafting;https://www.tripadvisor.com/AttractionProductReview-g580106-d17401034-or50-Shivpuri_Down_Rafting_Half_day_16km-Rishikesh_Dehradun_District_Uttarakhand.html;https://www.reddit.com/r/Rishikesh/comments/1vqjeut/activities_in_rishikesh/","High confidence on magnet quality, but seasonal. As of 22 Aug 2026 rafting is in monsoon closure; recheck reopening/current river conditions."
R02,"Jumpin Heights","Mohan Chatti, Pauri Garhwal district, near Rishikesh, Uttarakhand",adventure_bungee,"Haridwar-Kankhal-Rishikesh cluster","Purpose-built 83 m bungee platform over a river valley, plus related gravity/adventure activities.","Official Uttarakhand Tourism identifies the 83 m Mohan Chatti site as India's best-known bungee location; it is a destination-scale adrenaline activity rather than generic zipline tourism.","TripAdvisor has ~600 reviews with strong safety/professionalism praise; waits/logistics can consume hours. Traveler value is very high for adrenaline seekers and near-zero for those who will not jump.","~50-60 km RT from central Rishikesh, route dependent","~2 h RT driving","1-3 h depending queue/activity","~3-5 h",NO,"YES, conditionally",STRONG_ADDON,"https://www.uttarakhandtourism.gov.in/adventures/bungee-jumping;https://www.tripadvisor.com/Attraction_Review-g26552046-d2536099-Reviews-Jumpin_Heights_The_Bungy_People-Mohan_Chatti_Pauri_Garhwal_District_Uttarakhand.html","High confidence; booking and current operating status should be checked."
R03,"Rajaji Tiger Reserve / Chilla safari","Chilla range, between Haridwar and Rishikesh, Uttarakhand",wildlife_safari,"Haridwar-Kankhal-Rishikesh cluster","Shivalik/Terai tiger-reserve landscape with elephant, leopard, deer, birding and jeep safari access at Chilla.","A real protected-area experience immediately beside the Haridwar-Rishikesh zone, giving the cluster a substantial non-spiritual nature layer.","TripAdvisor reviews are mixed: recent visitors report elephants/leopard and enjoyable safaris, while experienced travelers caution that sightings and guide/safari quality are less reliable than India's premier reserves.","~40 km RT from Haridwar to Chilla; similarly route-dependent from Rishikesh","~1-1.5 h RT driving","2.5-3 h safari","~3.5-4.5 h",NO,"YES, but not enough alone for A",STRONG_ADDON,"https://sbb.uk.gov.in/achievements/;https://www.tripadvisor.com/Attraction_Review-g616028-d12363167-Reviews-Rajaji_National_Park_Tiger_Reserve_Safari-Haridwar_Haridwar_District_Uttarakhand.html;https://www.tripadvisor.com/Attraction_Review-g616028-d8858428-Reviews-Rajaji_Tiger_Reserve-Haridwar_Haridwar_District_Uttarakhand.html","High confidence on protected-area significance; moderate confidence on visitor-experience consistency."
R04,"Beatles Ashram / Chaurasi Kutia","Swargashram, Rishikesh, Uttarakhand",music_history_ruins,"Haridwar-Kankhal-Rishikesh cluster","The former Maharishi Mahesh Yogi ashram where the Beatles stayed in 1968, now known for meditation-cell ruins, murals and pop-cultural history.","Globally recognizable music-history significance would normally make this a strong non-spiritual heritage addon.","Current 2026 traveler reports materially downgrade it: multiple March-April reviews describe widespread construction, closed/affected buildings and poor value, especially at the foreigner ticket price; nostalgia remains but present experience is unstable.","~0-3 km within Rishikesh/Swargashram","~10-20 min depending river crossing/traffic","1.5-3 h","~2-3 h",NO,NO,TOO_WEAK,"https://www.uttarakhandtourism.gov.in/destination/rishikesh;https://www.tripadvisor.com/Attraction_Review-g580106-d3337400-Reviews-The_Beatles_Ashram-Rishikesh_Dehradun_District_Uttarakhand.html","Disposition is CURRENT-state, not historical-quality judgment. Re-audit after construction/restoration status changes."
C01,"Rampur Raza Library","Hamid Manzil, Rampur, Uttar Pradesh",manuscripts_architecture_library,"Delhi-Kumaon corridor via Moradabad-Rampur-Rudrapur","Historic library founded in 1774 with a major South Asian collection including roughly 17,000 manuscripts in Arabic, Persian, Sanskrit, Hindi and other languages, housed in a palace setting.","National-level manuscript significance hidden on a road most travelers simply drive through; an unusually high cultural return for a corridor stop.","Small review volume but exceptional signal: experienced TripAdvisor contributors call it a hidden gem/phenomenal library and compare the sense of discovery to major historic libraries abroad.","~6-12 km RT off the modern Rampur bypass, planning estimate","~20-40 min urban detour","45-75 min","~1-1.75 h",CONDITIONAL,NO,CORRIDOR_GEM,"https://culture.gov.in/rampur-raza-library-rampur;https://rampur.nic.in/tourist-place/rampur-raza-library/;https://www.tripadvisor.com/Attraction_Review-g658409-d4088654-Reviews-Raza_Library-Moradabad_Moradabad_District_Uttar_Pradesh.html","High confidence on significance; verify current public opening/day before relying on it as a stop."
C02,"Solani Aqueduct","Roorkee, Haridwar district, Uttarakhand",industrial_engineering_heritage,"Delhi-Haridwar corridor","Mid-19th-century Upper Ganga Canal aqueduct carrying the canal across the Solani river, associated with the engineering history that shaped Roorkee.","A genuine 19th-century civil-engineering monument and extremely uncommon road-trip micro-stop; IIT Roorkee's historical material treats the aqueduct as an engineering marvel.","Mass traveler-review signal is limited, but road-trip sources repeatedly flag it as the unusual non-religious Roorkee stop. The strength here is documented engineering significance plus low detour, not popularity.","~4-8 km RT from NH/urban through-route, route dependent","~15-30 min","30-60 min","~45-90 min",YES,NO,CORRIDOR_GEM,"https://iitr.ac.in/175yearscelebration/CoffeeTableBook/IIT_Roorkee_Coffee_Table_Book-175-L.pdf;https://www.savaari.com/blog/delhi/delhi-to-haridwar/;https://www.euttaranchal.com/tourism/solani-aqueduct.php","Moderate-high confidence on heritage; low traveler-consensus volume."
C03,"Basilica of Our Lady of Graces","Sardhana, Meerut district, Uttar Pradesh",architecture_social_history,"Delhi-Haridwar corridor via Meerut","Large early-19th-century basilica commissioned by Begum Samru, whose extraordinary career joined north-Indian court politics, a European mercenary household and Catholic patronage.","The architecture is striking, but the real exceptional layer is the origin story: an unexpected European-influenced basilica in sugarcane-country tied to one of north India's most unusual female rulers.","A Feb 2026 TripAdvisor reviewer calls the historic church totally worth visiting; an experienced 2,800+ contribution reviewer describes it as unexpected in rural Meerut, while newer reviews call it an 'unexpected gem'.","~30 km RT from Meerut bypass (about 15 km each way off bypass)","~45-70 min extra driving","45-75 min","~1.5-2.5 h",YES,NO,CORRIDOR_GEM,"https://www.tripadvisor.com/Attraction_Review-g1162496-d3248643-Reviews-Basilica_of_Our_Lady_of_Graces-Meerut_Meerut_District_Uttar_Pradesh.html;https://www.outlooktraveller.com/experiences/heritage/meerut-and-beyond-a-road-trip-through-sugarcane-fields-and-lost-empires;https://www.savaari.com/blog/delhi/delhi-to-haridwar/","High confidence on distinctiveness; larger detour than Solani, so only worthwhile when heritage interest is positive."
C04,"Akbar's Tomb, Sikandra","Sikandra, Agra, Uttar Pradesh",mughal_architecture_history,"Agra-Vrindavan-Mathura-Delhi corridor","Akbar's monumental five-storey sandstone-and-marble mausoleum in a 119-acre charbagh, completed by Jahangir in 1613.","Major Mughal architecture that is much quieter than Agra's headline monuments and sits directly on the Agra-Delhi highway, making it unusually efficient for a northbound corridor.","TripAdvisor 4.5/5; experienced travelers in 2025 describe it as beautiful, under-crowded and worth the short stop beyond the Taj/Agra Fort circuit.","<1-2 km effective detour if leaving Agra north on NH-19; site itself ~10 km from Agra centre","~5-15 min route deviation","45-75 min","~1-1.5 h",NO,NO,CORRIDOR_GEM,"https://agra.nic.in/tourist-place/akbars-tomb-sikandra/;https://www.tripadvisor.com/Attraction_Review-g297682-d447579-Reviews-Tomb_of_Akbar_the_Great-Uttar_Pradesh.html","High confidence; Agra district page updated Aug 2026 confirms current opening/fees and highway position."
C05,"Sur Sarovar (Keetham) Bird Sanctuary","Keetham, Agra district, Uttar Pradesh",ramsar_wetland_birding,"Agra-Mathura-Vrindavan-Delhi corridor","Ramsar wetland/bird sanctuary on NH-19 north of Agra with migratory and resident waterbirds, trails and observation points.","A protected wetland of international designation directly on the corridor; in the right winter/early-morning conditions it turns a highway transfer into real nature time.","Traveler reviews are mixed and strongly season/time dependent: some report much more birdlife than expected, others find it underwhelming. Official sources document the Ramsar/waterbird importance.","~0-2 km from NH-19","<10 min road deviation","1.5-3 h","~1.5-3 h",CONDITIONAL,NO,CORRIDOR_GEM,"https://agra.nic.in/tourist-place/sur-sarovar-keetham-bird-sanctuary/;https://upecotourism.in/SoorSarovarBirdSanctuary.aspx;https://www.tripadvisor.com/Attraction_Review-g297683-d4088755-Reviews-Sur_Sarovar_Bird_Sanctuary-Agra_Agra_District_Uttar_Pradesh.html","High confidence on ecological status; visit value is seasonal and strongest Oct-Mar/early morning."
C06,"Wildlife SOS Agra Bear Rescue Facility + Elephant Conservation & Care Centre","Keetham, Agra district + Ghari Churmura/Farah, Mathura district, Uttar Pradesh",animal_rescue_conservation,"Agra-Mathura-Vrindavan-Delhi corridor","Two specialist rescue facilities: the Agra Bear Rescue Facility at Keetham (large rescued sloth-bear population) and the Elephant Conservation & Care Centre near Farah for rescued captive elephants; visits are educational and appointment-based.","This is not a zoo stop: the conservation/welfare story and scale are unusual, with the bear facility described by Wildlife SOS as the world's largest sloth-bear rescue facility and the elephant centre as India's first specialized centre of its kind.","TripAdvisor 4.8/5 with 1,000+ reviews for Wildlife SOS; 2026 visitors repeatedly call it moving/educational/must-do, though a current complaint stresses that walk-ins/pricing expectations can go wrong — advance booking is essential.","Bear centre ~0-2 km from NH-19 at Keetham; elephant centre near Farah adds several km; combined deviation planning estimate ~10-20 km","~20-45 min added driving if both are integrated northbound","~1.5-2 h each; 3-4 h combined","~3.5-5 h combined",NO,NO,STRONG_ADDON,"https://wildlifesos.org/locations/agra-bear-rescue-facility/;https://wildlifesos.org/locations/elephant-conservation-and-care-centre/;https://wildlifesos.org/get-involved/;https://www.tripadvisor.com/Attraction_Review-g297683-d2048779-Reviews-Wildlife_Sos-Agra_Agra_District_Uttar_Pradesh.html","High confidence on uniqueness/traveler signal; exact visitor program/donation/pricing must be confirmed in advance."
C07,"Government Museum Mathura","Museum Road, Dampier Nagar, Mathura, Uttar Pradesh",archaeology_museum,"Agra-Vrindavan-Mathura-Delhi corridor","Museum established in 1874 with an important collection of Mathura-school sculpture, Kushan/Gupta material, terracotta, coins and archaeology.","One of India's oldest museums and a serious archaeological counterpoint to Mathura/Vrindavan's overwhelmingly religious visitor layer.","Small but credible traveler base; a 2025 experienced reviewer reported being very pleasantly surprised and judged the collection well worth a couple of hours. Incredible India highlights the 6,000+ object collection and Kushan/Gupta strengths.","~5-10 km urban detour if already in Mathura/Vrindavan, depending route","~20-40 min urban driving","1.5-2 h","~2-2.75 h",YES,NO,CORRIDOR_GEM,"https://www.incredibleindia.gov.in/en/uttar-pradesh/mathura/government-museum;https://nri.up.gov.in/en/page/museums;https://www.tripadvisor.com/Attraction_Review-g297688-d2651181-Reviews-Government_Museum_Mathura-Mathura_Mathura_District_Uttar_Pradesh.html","High confidence on collection importance; check current museum closing day/hours."
C08,"Keoladeo National Park","Bharatpur, Rajasthan",unesco_wetland_birding,"Agra region but west of the northbound corridor","UNESCO World Heritage wetland with roughly 375 bird species and one of the great wintering/heronry landscapes on the Central Asian flyway.","Unquestionably India/world-level nature quality; this is a true destination magnet, not a minor bird sanctuary.","TripAdvisor 4.6/5 with nearly 2,000 reviews and Travelers' Choice; a June 2026 reviewer with 6,000+ contributions called it a world-class wetland experience and noted that even non-birders can be absorbed by it.","~100 km RT westward from Agra (UNESCO places Bharatpur about 50 km west of Agra)","~2 h RT driving, traffic dependent","3-5 h","~5-7 h",NO,"Would strengthen Agra region strongly, but not the northbound clusters",TOO_FAR,"https://whc.unesco.org/en/list/340;https://www.tripadvisor.com/Attraction_Review-g303886-d319689-Reviews-Keoladeo_National_Park-Bharatpur_Bharatpur_District_Rajasthan.html","High confidence: quality clears threshold easily; disposition is purely route-geometry for this northern itinerary."
