finding_id,name,place,category,cluster_or_corridor,what,why_exceptional,traveler_signal,detour_km,detour_time,visit_time,combine,makes_cluster_heavier,disposition,source_urls
AGRA-001,Agra Fort,"Agra, Uttar Pradesh",Mughal fort / architecture,Agra,"UNESCO-fortstad met paleizen, audiëntiezalen en zichtassen naar de Taj.",Zelfstandig India-level monument; veel meer dan een 'extra fort' na de Taj en historisch…,Reizigers die maar weinig tijd hebben noemen Fort vrijwel steeds als de tweede zekere…,0-3,10-20 min,1.5-2.5 h,Zeer makkelijk naast Taj; liever niet in het hardste middaglicht.,Licht,CLUSTER_MAGNET,https://agra.nic.in/tourist-place/agra-fort/ | https://www.reddit.com/r/Agra/comments/1rw9uae/
AGRA-002,Mehtab Bagh — Taj vanaf de overzijde bij zonsondergang,"Mehtab Bagh, Agra, Uttar Pradesh",Rivierlandschap / uitzicht,Agra,"Mughal-tuin op de noordelijke Yamuna-oever, exact tegenover de Taj.",Een van de weinige extra's die de Taj-ervaring echt een ander perspectief geeft met beperkte…,Sterk en terugkerend reizigerssignaal voor late middag/zonsondergang en minder frontale…,8-12,20-35 min,45-75 min,Goed als losse sunset-slot; niet gebruiken als vervanging voor de harde…,Nee,STRONG_ADDON,https://agra.nic.in/tourist-place/mehtab-bagh/ | https://www.reddit.com/r/Agra/comments/1rw9uae/
AGRA-003,Tomb of Itimad-ud-Daulah ('Baby Taj'),"Agra, Uttar Pradesh",Mughal mausoleum / pietra dura,Agra,"Mausoleum uit 1622-1628, volledig in wit marmer en vroeg grootschalig gebruik van…",Architectonisch sleutelwerk tussen eerdere Mughalbouw en de Taj; hoge opbrengst in circa één…,Komt consequent terug in ervaren-reizigerslijsten 'beyond Taj'; rustiger en intiemer dan…,4-6,15-25 min,45-75 min,Zeer goed te koppelen aan Mehtab Bagh/oostelijke oever.,Nee,STRONG_ADDON,https://agra.nic.in/tourist-place/tomb-of-itimad-ud-daulah-baby-taj/ | https://www.reddit.com/r/Agra/comments/1rw9uae/
AGRA-004,Fatehpur Sikri,"Fatehpur Sikri, Agra district, Uttar Pradesh",UNESCO / geplande Mughal-stad,Agra,"De vrijwel intacte 16e-eeuwse, korte tijd gebruikte hoofdstad van Akbar.",Werelderfgoed en een zeldzaam samenhangend keizerlijk stadsensemble; sterk genoeg voor een…,"Sterke internationale reizigerswaardering, al melden recente bezoekers ook agressieve…",75-85 retour,60-75 min enkele reis,2.5-3.5 h,Niet 'gratis' met Taj; wel logisch als afzonderlijk halfdagblok.,Ja — halve dag,CLUSTER_MAGNET,https://whc.unesco.org/en/list/255 | https://www.reddit.com/r/travel/comments/zx1xyk/
AGRA-005,"Akbar's Tomb, Sikandra","Sikandra, Agra, Uttar Pradesh",Mughal mausoleum / tuin,Agra ↔ Braj/Delhi-corridor,"Monumentale graftombe van Akbar in een charbagh, rood zandsteen en marmer.",Sterke architectuur en historisch gewicht; vooral waardevol omdat hij aan de noordwestkant van…,Regelmatig genoemd door Agra-locals en terugkerende reizigers als de beste derde/vierde…,5-10 route-afhankelijk,15-30 min,45-75 min,Goed te combineren met noordelijke exit of binnenkomst; minder logisch als…,Nee tot licht,CORRIDOR_GEM,https://www.incredibleindia.gov.in/en/uttar-pradesh/agra/akbar-s-tomb-sikandara | https://www.reddit.com/r/Agra/comments/1rw9uae/
AB-001,Keoladeo National Park,"Bharatpur, Rajasthan",UNESCO natuur / vogels / fiets-riksja,Agra ↔ Braj westelijke lus,"Werelderfgoed-wetland met honderden vogelsoorten; autovrije kern te voet, per fiets…",Een zeldzaam natuur-wereldicoon midden tussen extreem cultuurzware clusters; in goede…,Ervaren vogelreizigers waarderen de fiets/riksja-ervaring sterk; recente lokale posts…,30-45 t.o.v. directe Agra-Mathura-lijn,45-75 min extra rijden,2.5-4 h,Logischer met Bharatpur/Deeg/westelijk Braj dan als losse lus vanuit…,Ja — halve dag,CLUSTER_MAGNET,https://whc.unesco.org/en/list/340 | https://www.reddit.com/r/india_tourism/comments/1vmkzg6/
BRAJ-001,Keshi Ghat + korte roeiboot op de Yamuna,"Keshi Ghat, Vrindavan, Uttar Pradesh",Rivierervaring / historische ghat,Vrindavan / Braj,Oude Yamuna-ghat met de historische Vrindavan-rivierlaag; korte handgeroeide boot…,"Niet nóg een tempel: dit is de visuele en fysieke relatie tussen oud Vrindavan en de Yamuna,…",Keshi Ghat komt bij locals en recente reizigers opvallend vaak terug als…,0-2,5-15 min,45-75 min,Makkelijk in vroege ochtend of late middag; combineer met langzaam…,Nee,STRONG_ADDON,https://mathura.nic.in/brij-parikrama/ | https://www.reddit.com/r/Vrindavan/comments/1lzqb2m/
BRAJ-002,Govardhan 21 km parikrama,"Govardhan, Mathura district, Uttar Pradesh",Landschapswandeling / levende Braj-cultuur,Braj,"Circa 21 km rond Govardhan, door heilig landschap, nederzettingen, kunds en…",Een van de weinige ervaringen die Braj als landschap laat voelen in plaats van als reeks losse…,Officieel beschreven als vijf uur lopen; in reizigersfora wordt Govardhan steeds als…,22-30 vanaf Mathura/Vrindavan,40-60 min enkele reis,5-7 h incl. pauzes,"Alleen combineren met nabijgelegen Kusum Sarovar/Radha Kund, niet met veel…",Ja — halve tot volle dag,CLUSTER_MAGNET,https://mathura.nic.in/brij-parikrama/ | https://mathura.nic.in/afternoon-circuit/
BRAJ-003,Kusum Sarovar,"Govardhan, Mathura district, Uttar Pradesh",Historisch reservoir / cenotafen / landschap,Braj,Monumentaal reservoir met 18e-eeuwse cenotafen en waterreflecties bij Govardhan.,Sterke visuele ruststop die bijna gratis wordt wanneer Govardhan toch wordt gedaan.,Reizigers noemen het herhaaldelijk sereen/onderschat; officiële toerismebronnen plaatsen…,0-5 bij Govardhan,10-15 min,30-60 min,Bijna ideale micro-combinatie met Govardhan-route.,Nee,STRONG_ADDON,https://www.incredibleindia.gov.in/en/uttar-pradesh/mathura/kusum-sarovar | https://www.reddit.com/r/IncredibleIndia/comments/jj8pq2/
BRAJ-004,Vishram Ghat bij zonsondergang + korte boot,"Vishram Ghat, Mathura, Uttar Pradesh",Yamuna / stadsghat / avondcultuur,Mathura / Braj,"Historische centrale ghat van Mathura met bootjes, lampen en avondleven aan de…",Compacte manier om Mathura's rivierstad te ervaren; andere sfeer dan Vrindavan en geen extra…,"Lokale/reizigersposts noemen juist de diyas, boten, klokken en sunset als reden dat de…",10-14 vanaf Vrindavan,20-35 min,45-75 min,Goed met Mathura Museum/oud centrum.,Nee,STRONG_ADDON,https://www.incredibleindia.gov.in/en/uttar-pradesh/mathura/vishram-ghat | https://www.reddit.com/r/Vrindavan/comments/1uflr7d/
BRAJ-005,Government Museum Mathura,"Dampier Park, Mathura, Uttar Pradesh",Archeologie / beeldhouwkunst,Mathura / Braj,"Archeologiemuseum met Maurya-, Sunga-, Kushana- en Gupta-kunst.",Het district noemt de Kushana-collectie de beste ter wereld; dit geeft Braj een India-level…,Weinig massatoeristisch maar juist door recente bezoekers 'must visit' genoemd; lage…,2-4,10-15 min,60-90 min,Perfect te koppelen aan Vishram Ghat/Mathura-stad.,Nee,STRONG_ADDON,https://mathura.nic.in/afternoon-circuit/ | https://www.reddit.com/r/Mathura/comments/1unx8bj/
BRAJ-006,"Barsana — Brahmachal-heuvel, straatlaag en korte parikrama","Barsana, Mathura district, Uttar Pradesh",Heuvellandschap / Braj-stad / wandeling,Braj,"Compacte heuvelstad op Braj's westelijke rand, met korte parikrama's, uitzicht en…",Biedt landschap en stedelijke textuur die Vrindavan/Mathura missen; interessant ook buiten een…,Officiële Braj-parikrama beschrijft aparte 4-7 km routes; reizigers zien Barsana…,40-50 vanaf Mathura,55-75 min enkele reis,2-3 h,"Combineer met Govardhan/Kusum of Deeg, niet als snelle avondrit.",Ja — 3-5 h incl. rijden,STRONG_ADDON,https://mathura.nic.in/brij-parikrama/ | https://www.incredibleindia.gov.in/en/uttar-pradesh/mathura/barsana
BRAJ-007,Lathmar Holi / Braj Rangotsav,"Barsana & Nandgaon, Mathura district, Uttar Pradesh",Levende traditie / seizoensfestival,Braj,"Meerdagse Braj-Holi-tradities, waaronder Lathmar Holi in Barsana en Nandgaon.",Werkelijk plaatsgebonden levende cultuur die nauwelijks elders reproduceerbaar is; sterk…,Nationale toerismebronnen noemen Lathmar Holi 'one of its kind' en een grote trekker;…,0 indien datum-match,Logistiek potentieel uren door crowd control,4-8 h,Alleen bij exacte kalender-match; niet bovenop normale dagplanning…,Zeer sterk — seizoensgebonden,CLUSTER_MAGNET,https://www.incredibleindia.gov.in/en/uttar-pradesh/mathura/barsana | https://www.incredibleindia.gov.in/en/festivals-and-events/uttar-pradesh/rangotsav-2027
BRAJ-008,Sri Rangji Temple — Dravidische architectuur in Vrindavan,"Vrindavan, Uttar Pradesh",Architectuur / intercultureel tempelcomplex,Vrindavan / Braj,"19e-eeuws complex geïnspireerd op Kanchipuram, met circa 30 m hoge gopuram en…",Een verrassende architectuurbreuk in de Braj-laag; hoge visuele opbrengst zonder uit de stad…,"Komt in reizigerslijsten voor, maar minder massaal dan Banke Bihari/ISKCON; officiële…",0-3,5-15 min,30-60 min,Zeer makkelijk in Vrindavan-dag; alleen behouden als men juist…,Nee,MICRO_GEM,https://www.prod.incredibleindia.gov.in/content/incredible-india-v2/en/destinations/mathura-vrindavan/sri-rangji-temple.html | https://www.reddit.com/r/Vrindavan/comments/1uong9s/
BRAJ-009,Deeg Palace & water gardens,"Deeg, Bharatpur district, Rajasthan",Jat-paleis / waterarchitectuur / tuin,Braj west / Bharatpur-corridor,"18e-eeuws paleis- en tuinlandschap van de Jat-heersers, bekend om paviljoens,…",Regionaal uitzonderlijk en thematisch passend bij Braj; veel rustiger dan de grote Mughal-sites.,"Rajasthan Tourism markeert Deeg als garden town; reizigers noemen het 'serene',…",25-40 route-afhankelijk,40-65 min extra,1.5-2.5 h,Vooral logisch bij Barsana/Govardhan/Bharatpur; niet als standalone vanuit…,Licht tot halfdag,CORRIDOR_GEM,https://www.tourism.rajasthan.gov.in/bharatpur.html | https://www.reddit.com/r/IncredibleIndia/comments/1j17wuu/
COR-AP-001,National Chambal Sanctuary — gharial/dolfijn-rivierlandschap,"Bah/Etawah-sector, Uttar Pradesh",Riviernatuur / wildlife / ravijnen,Agra ↔ Prayagraj wegcorridor (route-variant),"Beschermde Chambal-rivier met gharial, Gangesdolfijn, schildpadden, otters en…",Een echte natuurtegenhanger van de monumentclusters; flagship-soorten en een landschap dat…,Natuurliefhebbers waarderen vooral de kleinschalige bootervaring; kwaliteit hangt sterk…,40-80 route-afhankelijk,60-120 min extra rijden,2-3 h,Alleen logisch bij een Bah/Etawah-wegvariant; niet forceren bij…,Ja — circa halve dag,CORRIDOR_GEM,https://upecoboard.up.gov.in/en/article/national-chambal-sanctuary
COR-AP-002,Bateshwar Yamuna riverfront — circa honderd witte tempels,"Bateshwar, Bah tehsil, Agra district, Uttar Pradesh",Rivierfront / tempelensemble / jaarmarkt,Agra ↔ Prayagraj wegcorridor (route-variant),Lange ritmische reeks witte tempels en ghats aan een bocht van de Yamuna; grote…,"Visueel uitzonderlijk, lokaal sterk en bij een Chambal/Bah-route een zeer kleine extra omweg.",Recente reizigers noemen het expliciet een hidden gem en benadrukken de rust buiten de…,10-20 bij Bah-route; ~70 km vanaf Agra als losse trip,20-35 min extra bij route-variant,45-75 min,Sterk met Chambal/Bah; zwak als aparte retourrit uit Agra.,Nee bij route-variant,CORRIDOR_GEM,https://agra.nic.in/hi/tourist-place/%E0%A4%AC%E0%A4%9F%E0%A5%87%E0%A4%B6%E0%A5%8D%E0%A4%B5%E0%A4%B0-%E0%A4%AE%E0%A4%82%E0%A4%A6%E0%A4%BF%E0%A4%B0/ | https://www.reddit.com/r/india_tourism/comments/1vpoy09/
PRY-001,Triveni Sangam — vroege roeiboot,"Sangam, Prayagraj, Uttar Pradesh",Rivierconfluentie / bootervaring,Prayagraj,Boot naar de samenkomst van Ganga en Yamuna (met de religieuze Saraswati-traditie)…,Dit is de fysieke reden dat Prayagraj bestaat als nationaal pelgrimscentrum; dawn geeft…,Vrijwel unanieme lokale/reizigersconsensus dat Sangam de kernervaring is; boottochten…,4-8 vanaf centrum,20-30 min,60-90 min,Eenvoudig met Fort/Ashoka-zone; liefst vroeg.,Nee,CLUSTER_MAGNET,https://prayagraj.nic.in/tourist-place/sangam/ | https://www.reddit.com/r/PrayagrajAllahabad/comments/1k4yqow/
PRY-002,Khusro Bagh,"Prayagraj, Uttar Pradesh",Mughal mausolea / tuin,Prayagraj,Ommuurde tuin met drie belangrijke roodzandstenen Mughal-mausolea en geschilderde…,Zeer hoge opbrengst doordat het circa 1 km van Prayagraj Junction ligt; veel sterker dan een…,Lokale megathreads en reizigers noemen Khusro Bagh opvallend vaak als beste historische…,0-2,5-10 min,45-75 min,Bijna gratis bij station/centrum.,Nee,STRONG_ADDON,https://prayagraj.nic.in/tourist-place/khusro-bagh/ | https://www.reddit.com/r/PrayagrajAllahabad/comments/1k4yqow/
PRY-003,Anand Bhawan + Swaraj Bhawan,"Prayagraj, Uttar Pradesh",Moderne Indiase geschiedenis / huismuseum,Prayagraj,Historische Nehru-familiehuizen en politieke ruimtes verbonden met de…,India-level 20e-eeuwse geschiedenis in tastbare kamers en objecten; inhoudelijk totaal andere…,Reizigers en locals blijven het samen met Sangam/Khusro als kernselectie noemen.,4-6,15-25 min,60-120 min,Goed in middaghitte of tussen riviermomenten.,Nee,STRONG_ADDON,https://prayagraj.nic.in/tourist-place/anand-bhawan/ | https://www.reddit.com/r/Allahabad/comments/1p83bqf/
PRY-004,Allahabad Fort / Ashokan Pillar — alleen wat legaal toegankelijk is,"Sangam-zone, Prayagraj, Uttar Pradesh",Mughal fort / Mauryan inscription,Prayagraj,Akbars fort uit 1583 met oudere Ashokan pijler in het militaire complex.,Zeldzame historische stapeling van Maurya en Mughal direct naast Sangam.,"Wordt door locals als belangrijke plek genoemd, maar reizigers ervaren toegang als…",0-2 bij Sangam,0-10 min,30-60 min indien open,Alleen opportunistisch met Sangam; geen dag omheen bouwen.,Nee,STRONG_ADDON,https://prayagraj.nic.in/places-of-interest/ | https://www.reddit.com/r/Allahabad/comments/1g2vo64/
PV-001,Bhadohi — handgeknoopte tapijtweverij/loombezoek,"Bhadohi, Uttar Pradesh",Levend ambacht / GI / werkplaats,Prayagraj ↔ Varanasi,"India's grootste handgemaakte tapijtcluster; handknopen op verticale looms, vaak op…",Een echte corridorervaring in plaats van nog een monument: productieproces dat ter plekke…,Journalistieke en lokale signalen zijn sterk; lokale Reddit-gebruikers waarschuwen dat er…,5-15,15-30 min,60-120 min,Alleen doen met vooraf bevestigde echte loom/workshop; anders overslaan.,Nee tot licht,CORRIDOR_GEM,https://bhadohi.nic.in/economy/ | https://www.reddit.com/r/varanasi/comments/1jxzd66/
PV-002,Chunar Fort,"Chunar, Mirzapur district, Uttar Pradesh",Historisch fort / Ganga-uitzicht,Prayagraj ↔ Varanasi/Mirzapur-zijcorridor,Strategisch fort boven de Ganga met lange historische gelaagdheid.,"Op papier sterk, maar de huidige bezoekersopbrengst wordt gedrukt door beperkte…",Meerdere recente bezoekers melden dat grote delen verboden zijn en dat het resterende…,30-40,60-90 min extra,45-75 min,Alleen heropenen als toegangsstatus aantoonbaar verbetert.,Ja voor te weinig opbrengst,TOO_WEAK,https://www.reddit.com/r/uttarpradesh/comments/1ohgaou/ | https://www.reddit.com/r/varanasi/comments/1v40akb/
VAR-001,Zonsopgang per kleine handgeroeide boot langs de ghats,"Ganga riverfront, Varanasi, Uttar Pradesh",Rivierervaring / dawn,Varanasi,Vroege kleine roeiboot langs een deel van het 6.5 km lange historische ghatfront.,"De sterkste manier om de architectuur, rituelen, wasplaatsen, boten en licht als één…",Zeer sterke consensus in internationale en Indiase reizigersfora; vaak expliciet genoemd…,0-2,0-10 min,60-90 min,Combineer met Subah-e-Banaras óf dawn ghat walk; timing per zonsopkomst.,Nee,CLUSTER_MAGNET,https://whc.unesco.org/en/tentativelists/6526/ | https://www.reddit.com/r/SoloTravel_India/comments/1u438gc/
VAR-002,Subah-e-Banaras aan Assi Ghat,"Assi Ghat, Varanasi, Uttar Pradesh",Dawn-cultuur / muziek / ritueel,Varanasi,"Voor-dageraadprogramma met muziek, ritueel en yoga aan de rivier.",Verbindt de UNESCO City of Music-laag met zonsopkomst aan de Ganga; veel plaatsgebondener dan…,UNESCO noemt Subah-e-Banaras expliciet als muziekinitiatief; reizigers waarderen de…,0-3,5-15 min,45-90 min,Kan vóór/na korte boot; voorkom een overvol dawn-schema.,Nee,STRONG_ADDON,https://www.unesco.org/en/creative-cities/varanasi | https://www.reddit.com/r/varanasi/comments/14vxlyb/
VAR-003,Langzame ghat-wandeling bij dawn — Assi/Tulsi richting noord,"Assi–Tulsi–Harishchandra sector, Varanasi",Stadswandeling / rivierfront,Varanasi,"Een geselecteerd stuk van het aaneengesloten ghatfront lopen, niet alle 84 ghats…","De stad werkt op loopsnelheid: trappen, was, kleine schrijnen, paleisfaçades en steegopeningen…",Recente locals/reizigers adviseren juist minder highlights en meer langzaam lopen;…,0,0,1.5-3 h,Goed als alternatief voor nóg een tempelblok; kan na dawn boat.,Nee,STRONG_ADDON,https://whc.unesco.org/en/tentativelists/6526/ | https://www.reddit.com/r/varanasi/comments/1spo3ux/
VAR-004,Old Kashi lanes — Bengali Tola / Thatheri Bazaar / Chowk,"Old City, Varanasi, Uttar Pradesh",Historische stegen / stedelijke cultuur,Varanasi,"Dichte gali-structuur met oude huizen, metaalwerk, markten, kleine werkplaatsen en…",Een van de zeldzame stedelijke ervaringen waar 'verdwalen' zelf de attractie is; essentieel om…,Officiële India Tourism noemt de lanes het hart van de stad; ervaren reizigers adviseren…,0-3,0-15 min,2-3 h,Sterk tussen riverfront-momenten; lokale wandeling kan helpen zonder…,Nee,STRONG_ADDON,https://www.incredibleindia.gov.in/en/uttar-pradesh/varanasi | https://www.reddit.com/r/varanasi/comments/1spo3ux/
VAR-005,Man Mahal Observatory,"Man Mandir Ghat, Varanasi, Uttar Pradesh",Astronomie / paleis / uitzicht,Varanasi,Vroeg-18e-eeuws Jai Singh II-observatorium met grote stenen instrumenten boven de…,"Een onverwachte wetenschappelijke micro-laag direct aan de hoofdghats, plus hoog…","Veel minder bekend dan Jantar Mantar Jaipur; reizigers noemen het niche, officiële…",0-0.5 vanaf Dashashwamedh,0-5 min,45-60 min,Bijna gratis in centrale ghatwandeling.,Nee,MICRO_GEM,https://kashi.gov.in/listing-details/man-mahal-observatory | https://www.reddit.com/r/varanasi/comments/14vxlyb/
VAR-006,Ratneshwar Mahadev — de scheve rivier-tempel,"Bij Manikarnika Ghat, Varanasi, Uttar Pradesh",Architectuurcuriositeit / rivierbeeld,Varanasi,Sterk hellende tempeltoren aan de waterlijn; sanctum kan bij hoge rivierstand…,Een letterlijk merkwaardig historisch stadsbeeld dat vanaf boot/ghat in minuten mee te nemen…,Veel gefotografeerd en door lokale Kashi-bron als uitzonderlijk scheef beschreven; hoge…,0,0,10-20 min,Alleen observeren tijdens boot/ghatroute; crematiezone respectvol…,Nee,MICRO_GEM,https://kashi.gov.in/listing-details/ratneshwar-mahadev-temple--kashi-karvat
VAR-007,Echt Banarasi handloom-weefatelier,"Madanpura/Lallapura of bevestigde artisanlocatie, Varanasi",Levend ambacht / GI textiel,Varanasi,"Handweven van Banarasi brokaat/sarees op looms, met zijde en zari.",Een van India's beroemdste levende textieltradities; het productieproces is veel waardevoller…,"Sterke reizigersinteresse, maar veel klachten over showroom/middleman-ervaringen; daarom…",3-7,15-30 min,60-120 min,Goed in middag; authenticiteit vooraf verifiëren.,Nee,STRONG_ADDON,https://varanasi.nic.in/handicraft/ | https://www.reddit.com/r/varanasi/comments/15h9a3m/
VAR-008,Ganga Aarti — kies één goede avondpositie,"Dashashwamedh Ghat (of rustiger alternatief), Varanasi",Avondritueel / rivierperformance,Varanasi,Grote dagelijkse lampenceremonie aan de Ganga; vanaf trappen of boot.,Massaal maar onmiskenbaar plaatsgebonden; één keer goed meemaken heeft meer waarde dan…,"Sterke reizigersconsensus over het spektakel, maar ook consensus dat Dashashwamedh…",0-3,0-15 min,45-90 min + vroeg plek zoeken,Kies één variant; geen tweede aarti verplicht maken.,Nee,STRONG_ADDON,https://www.incredibleindia.gov.in/en/trips/trip-listing/gateway-to-divinity | https://www.reddit.com/r/varanasi/comments/1bszszp/
VAR-009,Ancient Buddhist Site of Sarnath + archeologisch museum,"Sarnath, Varanasi district, Uttar Pradesh",UNESCO archeologie / museum,Varanasi / Sarnath,"Chaukhandi Stupa plus archeologische kern met Dhamek-zone en museumcollectie,…",Sinds 25 juli 2026 UNESCO Werelderfgoed: een actuele statuswijziging die oude reisgidsen…,"Reizigers geven Sarnath consequent hoge waardering als rustige, inhoudelijk sterke…",18-24 retour vanaf ghatkern,25-40 min enkele reis,2.5-4 h,Duidelijk halfdagblok; museumopening vooraf checken.,Ja — halve dag,CLUSTER_MAGNET,https://www.unesco.org/en/articles/ancient-buddhist-site-sarnath-inscribed-unesco-world-heritage-list?hub=66943 | https://www.reddit.com/r/SoloTravel_India/comments/1n3250n/
VAR-010,Ramnagar Ramlila — maandlange bewegende volksvoorstelling,"Ramnagar, Varanasi, Uttar Pradesh",UNESCO immaterieel erfgoed / theater / festival,Varanasi (seizoensgebonden),Ramlila waarbij publiek en spelers door verschillende locaties van Ramnagar bewegen;…,UNESCO noemt Ramnagar/Benares onder de meest representatieve Ramlila-tradities; dit is levende…,Lokale posts noemen de ervaring spectaculair en benadrukken dat scènes per dag/locatie…,10-15 + crowd routing,30-90+ min afhankelijk verkeer,2-4 h voor gekozen episode,Alleen bij kalender-match en specifieke episode; niet 'even langs'.,Zeer sterk — seizoensgebonden,CLUSTER_MAGNET,https://ich.unesco.org/en/RL/ramlila-the-traditional-performance-of-the-ramayana-00110?lang=en | https://www.reddit.com/r/varanasi/comments/1na6ic5/
VAR-011,Nag Nathaiya Leela aan Tulsi Ghat,"Tulsi Ghat, Varanasi, Uttar Pradesh",Levende traditie / rivierperformance,Varanasi (seizoensgebonden),Eeuwenoude publieke enscenering waarbij een jonge Krishna-figuur vanaf een…,"Zeer plaatsgebonden samensmelting van rivier, theater, publiek en levende traditie; nauwelijks…","Nationaal toerisme presenteert het als eeuwenoude, uitzonderlijke Varanasi-traditie;…",0-4,5-20 min,2-3 h incl. plek zoeken,Alleen bij exacte novemberdatum; crowd management checken.,Sterk — seizoensgebonden,CLUSTER_MAGNET,https://www.incredibleindia.gov.in/en/festivals-and-events/uttar-pradesh/nag-nathaiya-leela--varanasi
VAR-012,Banarasi paan als GI-cultuurproduct,"Old Kashi / Godowlia–Chowk, Varanasi",Historisch lokaal product / GI,Varanasi,Plaatsgebonden betelblad-/paantraditie; 'Banaras Pan (Betel Leaf)' is geregistreerde…,"Een paar minuten, geen restaurantplanning, maar wel een tastbare lokale cultuurlaag met…",Komt bijna universeel terug in reisverhalen over Banaras; officiële India Tourism noemt…,0,0,10-20 min,Neem opportunistisch tijdens old-city walk; geen verplichte specifieke…,Nee,MICRO_GEM,https://search.ipindia.gov.in/GIRPublicSearch/Application/Details/730 | https://www.incredibleindia.gov.in/en/uttar-pradesh/varanasi/culinary-delights-of-varanasi
VAR-013,Chandra Prabha Sanctuary + Rajdari/Devdari watervallen,"Chandauli district, Uttar Pradesh",Natuur / watervallen / Vindhya-landschap,Varanasi oost/zuid zijcorridor,Bos- en graslandreservaat in de Vindhya met Rajdari- en Devdari-watervallen.,"Serieuze natuurkandidaat rond Varanasi en vooral in/na monsoon visueel sterk, maar niet klein…",Lokale reizigers raden Rajdari/Devdari aan voor een niet-tempeldag; officiële…,120-140 retour,1.5-2 h enkele reis,3-4 h,Alleen als bewust aparte natuurdag; niet in normale Varanasi-dagen proppen.,Ja — volle dag,TOO_FAR,https://www.incredibleindia.gov.in/en/trips/trip-listing/the-legendary-marvels-of-varanasi | https://www.reddit.com/r/varanasi/comments/1n765ij/
VG-001,Sher Shah Suri's Tomb,"Sasaram, Rohtas district, Bihar",16e-eeuws mausoleum / waterarchitectuur,Varanasi ↔ Bodh Gaya wegcorridor,Monumentaal roodzandstenen mausoleum op een eiland in een groot kunstmatig meer.,Nationaal historisch gewicht en uitzonderlijke compositie; Sasaram ligt praktisch aan de Grand…,Sterke visuele reizigersreacties; backpackers hebben Sasaram expliciet als doelstop…,2-5 vanaf hoofdroute,10-20 min,45-75 min,Zeer sterke corridorstop bij wegtransport; irrelevant bij trein/vlucht…,Nee,CORRIDOR_GEM,https://rohtas.nic.in/tourist-place/sher-shah-suri-tomb/ | https://www.reddit.com/r/IndianHistory/comments/1jx7691/
VG-002,Tutla Bhawani Waterfall / Tutla valley,"Tilauthu, Rohtas district, Bihar",Waterval / groene vallei,Varanasi ↔ Bodh Gaya wegcorridor (seizoensgebonden),Smalle groene vallei met waterval/spring nabij Dehri-on-Sone.,De beste echte watervalkandidaat op deze lange verbindingsas; in monsoon kan hij een…,Bihar Tourism noemt de vallei nadrukkelijk schilderachtig; onafhankelijke…,35-50 route-afhankelijk,60-90 min extra rijden,1.5-2.5 h,Alleen bij wegroute én voldoende water; anders niet omrijden.,Ja — circa 3 h,CORRIDOR_GEM,https://tourism.bihar.gov.in/en/destinations/rohtas/tutla-bhawani-waterfall-rohtas
VG-003,Rohtasgarh Fort,"Rohtas district, Bihar",Plateaufort / trek / geschiedenis,Varanasi ↔ Bodh Gaya zijcorridor,Uitgestrekt historisch fort op een plateau met lange klim en groot landschap.,"Kwaliteit is reëel, maar voor deze corridor veroorzaakt het een excursie op zichzelf en breekt…","Regionale reizigers waarderen ruïne/uitzicht, maar logistiek en klim maken het geen 'als…",60-100+,2-3 h extra rijden + klim,3-5 h,Alleen als apart Rohtas-avontuur gewenst is.,Ja — volle dag,TOO_FAR,https://tourism.bihar.gov.in/en/destinations/rohtas/rohtasgarh-fort
GAYA-001,Dungeshwari / Pragbodhi hills — korte rotswandeling en uitzicht,"Dungeshwari Hills, Gaya district, Bihar",Rotslandschap / grot / korte hike,Bodh Gaya / Gaya,"Rotsige heuvelrug en grotten boven de Falgu-vlakte, met korte klim naar…",Geeft het vlakke Bodh Gaya een ruige landschapslaag; recent reizigerssignaal noemt vooral het…,Recente Bihar-reizigers noemen het expliciet underrated; anderen beschrijven 10-20…,15-25,30-45 min enkele reis,1.5-2.5 h,Goed als halve-dag light hike; niet alleen voor cave shrine gaan maar ook…,Licht,STRONG_ADDON,https://tourism.bihar.gov.in/content/dam/bihar-tourism/catalogue/ready-reckoner-2.pdf | https://www.reddit.com/r/bihar/comments/1sc8948/
GAYA-002,Barabar & Nagarjuni Caves,"Jehanabad district, Bihar",Mauryan archeologie / granietgrotten / heuvels,Bodh Gaya / Gaya,Zeven zeer vroege rotsgrotten uit de Maurya-periode met uitzonderlijk gepolijste…,"India-level archeologie: onder de oudste overgebleven rotsarchitectuur van het land, plus…",Reizigers noemen de Mauryan polish 'mindblowing' en de heuvels verrassend mooi; Bihar…,70-90 retour vanaf Gaya; ~90 vanaf Bodh,60-90 min enkele reis,2.5-4 h,Echt halfdagblok; Patharkatti kan er logisch aan worden gekoppeld.,Ja — halve dag,CLUSTER_MAGNET,https://barabarcavetourism.bihar.gov.in/About | https://www.reddit.com/r/bihar/comments/1kzv2bk/
GAYA-003,Brahmayoni Hill,"Gaya, Bihar",Stadshill / trapklim / panorama,Gaya,Steile stadshill met circa 424 treden en breed uitzicht over Gaya en omliggende…,Zeer kleine logistieke investering voor een echt topografisch perspectief op Gaya.,Lokale recente threads noemen Brahmayoni als korte trek; officiële Bihar-brochure…,1-3,5-15 min,60-90 min,Makkelijk als ochtend/late middag in Gaya zelf.,Nee,STRONG_ADDON,https://tourism.bihar.gov.in/content/dam/bihar-tourism/e_brochures/buddhist/buddha-circuit-eng.pdf | https://www.reddit.com/r/Gaya/comments/1ujv3nw/
GAYA-004,Patharkatti — zwarte-steen ambachtsdorp,"Patharkatti, Gaya district, Bihar",Levend steenambacht / dorp,Gaya ↔ Barabar,"Traditioneel centrum voor sculptuur in lokale donkere steen, met werkplaatsen en…",Kleine levende-ambachtlaag die inhoudelijk mooi aansluit op Bihar's lange steentraditie;…,Officiële toerismebronnen erkennen Patharkatti als belangrijk stone-craft centre;…,10-25 route-afhankelijk,15-30 min,45-75 min,Alleen met bevestigde werkplaats/opening; ideaal op Barabar-lus.,Nee,MICRO_GEM,https://tourism.bihar.gov.in/en/experiences/art-and-craft/textiles-and-handicraft/stone-craft | https://barabarcavetourism.bihar.gov.in/Nearby
GAYA-005,Nalanda Mahavihara,"Nalanda, Bihar",UNESCO archeologie,Bodh Gaya / Gaya — noordoostelijke zijlus,Ruïnes van het grote monastieke/universitaire complex van Nalanda.,"Absoluut India-level erfgoed, maar geografisch geen kleine Bodh/Gaya-addon; het hoort bij een…","Zeer sterke reizigers- en werelderfgoedstatus; afwijzing is puur route-economie, niet…",180-220 retour vanaf Bodh,2-3 h enkele reis afhankelijk verkeer,2-3 h,Niet in Bodh-dagen persen zonder routeherontwerp.,Ja — volle dag,TOO_FAR,https://whc.unesco.org/en/list/1502
TVM-001,Annamalaiyar / Arunachaleswarar Temple — architectuurlaag,"Tiruvannamalai, Tamil Nadu",Dravidische tempelarchitectuur / historische stadsruimte,Tiruvannamalai / Arunachala,"Enorm historisch tempelcomplex aan de voet van Arunachala met hoge gopurams,…",Ook zonder persoons- of devotieonderzoek is het een India-level architectonische stadsruimte;…,"Recente reizigers reageren sterk op schaal/uitzicht, maar melden ook forse crowding;…",0,0-10 min,1.5-3 h,In town; liefst buiten full-moon/weekend piek.,Nee,CLUSTER_MAGNET,https://tiruvannamalai.nic.in/places-of-interest/ | https://www.reddit.com/r/IncredibleIndia/comments/1thgx6g/
TVM-002,Gingee Fort,"Gingee (Senji), Viluppuram district, Tamil Nadu",Heuvelfort / hike / panorama,Tiruvannamalai ↔ Chennai/Puducherry-corridor,"Uitgestrekt fortlandschap over meerdere granieten heuvelcitadellen met lange muren,…",Een van Zuid-India's meest spectaculaire fortlandschappen; geeft de Arunachala-dagen een…,Tamil Nadu Tourism noemt het een van de magnifieke citadellen; reizigers waarderen vooral…,75-85 retour vanaf Tiruvannamalai; veel kleiner bij Chennai/Tindivanam-route,50-65 min enkele reis,2.5-4 h,Sterk als corridorstop als aankomst/vertrek via oost; anders halve-dag…,Ja — halve dag,STRONG_ADDON,https://www.tamilnadutourism.com/attractions/forts/gingee-fort
TVM-003,Karthigai Deepam — Maha Deepam op Arunachala,"Tiruvannamalai, Tamil Nadu",Levend festival / landschap / vuur,Tiruvannamalai (seizoensgebonden),Jaarlijks festival waarbij de grote vlam op Arunachala de stad en berg als één…,Volledig plaatsgebonden en visueel uitzonderlijk; bij datum-match zelfstandig reden om de…,District noemt het een van de oudste en grootste lokale festivals; reizigers signaleren…,0,Crowd logistics kan uren toevoegen,4-8 h,Alleen bij exacte kalender-match en crowdplan; geen normale sightseeingdag.,Zeer sterk — seizoensgebonden,CLUSTER_MAGNET,https://tiruvannamalai.nic.in/karthigai-festival/ | https://www.reddit.com/r/BangaloreSocial/comments/1tkg4yd/
TVM-004,Parvathamalai trek,"Parvathamalai, Tiruvannamalai district, Tamil Nadu",Steile bergtrek / panorama,Tiruvannamalai regio,"Zware klim naar circa 1,200 m met trappen, steile rotssecties en wijd uitzicht.",De sterkste pure adventure/hike-kandidaat nabij Tiruvannamalai; niet te verwarren met een…,"Recente trekkers noemen hem uitdagend, memorabel en soms eng; sterke topviews, maar ook…",90-110 retour,60-90 min enkele reis,5-7 h trek,Alleen als bewust zware trekdag; actuele forest access/weer checken.,Ja — volle dag,STRONG_ADDON,https://www.tamilnadutourism.com/attractions/hill-stations/parvathamalai | https://www.reddit.com/r/india_tourism/comments/1ovv89j/
TVM-005,Jawadhu Hills + Beemanmadavu Falls,"Jawadhu Hills, Tiruvannamalai district, Tamil Nadu",Eastern Ghats / waterval / plateau,Tiruvannamalai regio,"Groen Eastern-Ghats-plateau met watervallen, trekking en Kavalur-observatorium.",Serieuze natuurkandidaat maar niet uniek genoeg om standaard de A+ Arunachala-dagen met 80-90…,"Officiële bronnen prijzen landschap en Beemanmadavu, maar sterke onafhankelijke 'must…",160-180 retour,2-2.5 h enkele reis,3-5 h,Alleen bij expliciete natuur-/watervaldag; niet standaard.,Ja — volle dag,TOO_FAR,https://tiruvannamalai.nic.in/tourist-place/jawadhu-hills/ | https://www.prod.incredibleindia.gov.in/content/incredible-india-v2/en/destinations/tiruvannamalai/jawadhu--jawadhi--hills.html
SOUTH-001,Mamandur rock-cut cave temples,"Mamandur/Narasamangalam, near Kanchipuram, Tamil Nadu",Pallava rotsarchitectuur / inscripties,Chennai/Kanchipuram ↔ Tiruvannamalai gateway-corridor,"Vier vroege Pallava-grotten in een lage heuvel, deels onafgewerkt, met inscripties…","Een echte hidden archaeology stop: inhoudelijk sterk, klein, en veel minder belastend dan een…",Officiële district/ASI-bronnen bevestigen nationale monumentstatus; reizigerssignaal is…,10-30 route-afhankelijk via Kanchipuram/Vandavasi,20-45 min extra,60-90 min,Alleen logisch bij Chennai/Kanchipuram-wegroute; niet omleiden vanaf…,Nee tot licht,CORRIDOR_GEM,https://tiruvannamalai.nic.in/places-of-interest/ | https://asi.nic.in/pdf/CPM_List.pdf
SOUTH-002,Group of Monuments at Mahabalipuram,"Mamallapuram, Tamil Nadu",UNESCO Pallava archeologie / kust,Chennai ↔ Tiruvannamalai gateway (grote zijlus),"7e-8e-eeuwse rathas, rotsgrotten, enorme openluchtreliëfs en Shore Temple aan de…",Werelderfgoed en zelfstandig wereldklasse; sterk genoeg om een Chennai-gatewaydag ter…,Reizigers noemen het een verrassend sterke één-dag culturele trip; UNESCO noemt de…,80-120 t.o.v. directe Chennai-Tiruvannamalai-lijn,1.5-2.5 h extra rijden,3-5 h,Alleen bij Chennai-gateway; niet als 'kleine stop' verkopen.,Ja — halve/volle dag,CLUSTER_MAGNET,https://whc.unesco.org/en/list/249 | https://www.reddit.com/r/SoloTravel_India/comments/1u3nong/
MYB-001,Mysore Palace — liefst met illuminatie als dag matcht,"Mysuru, Karnataka",Koninklijk paleis / avondarchitectuur,Mysore/Bengaluru C-gap-check,"Monumentaal Wodeyar-paleis; avondilluminatie gebruikt circa 97,000-100,000 lampen.",Een van de weinige stedelijke zuidkandidaten die visueel en cultureel sterk genoeg is om de…,Zeer sterk bezoekerssignaal; Karnataka Tourism blijft de illuminatie in 2026 als…,0-3 in Mysuru,0-15 min,2-3 h (+ 30-60 min voor lichtmoment),Alleen relevant als Mysuru toch serieus in beeld komt; geen routebesluit.,Ja — inhoudelijk C-signaal,CLUSTER_MAGNET,https://karnatakatourism.org/en/destinations/mysuru | https://www.reddit.com/r/india_tourism/comments/1v58yw6/
MYB-002,"Keshava Temple, Somanathapura","Somanathapura, Mysuru district, Karnataka",UNESCO Hoysala architectuur / sculptuur,Mysore/Bengaluru C-gap-check,"13e-eeuwse Keshava-tempel, een van drie componenten van het UNESCO-werelderfgoed…",Uitzonderlijke dichtheid en kwaliteit van Hoysala-steensculptuur; zelfstandig sterker dan een…,UNESCO noemt de creatieve/sculpturale prestatie uitzonderlijk; reizigers rekenen circa…,70-80 retour vanaf Mysuru,60-90 min enkele reis,1-1.5 h,Makkelijkste serieuze C-challenger buiten Mysuru zelf.,Ja — inhoudelijk C-signaal,CLUSTER_MAGNET,https://whc.unesco.org/en/list/1670/
MYB-003,Shravanabelagola — Gommateshwara monoliet,"Shravanabelagola, Hassan district, Karnataka",Jain erfgoed / monolithisch beeld / heuvelklim,Mysore/Bengaluru C-gap-check,"58-ft monolithische Gommateshwara op Vindhyagiri, bereikt via 600+ treden met…",India-level monumentaal Jain erfgoed en uniek genoeg om ondanks afstand in de C-gap-check te…,Karnataka Tourism behandelt het als sleutelmonument; reizigers benadrukken dat de klim…,170 km retour vanaf Mysuru; ~290 retour Bengaluru,1.5-2 h enkele reis vanaf Mysuru,2-3 h,Geen kleine addon; alleen bewaren als zelfstandig zuidmagnet-signaal.,Ja — halve/volle dag,CLUSTER_MAGNET,https://karnatakatourism.org/en/attractions/shravanabelagola/
