ID,ENTITY_FULL_NAME,CLUSTER_WORLD,GRADE,WHAT,WHY,PARENT_CHILD_RELATION,MAY_SHARE_VISIT_BLOCK,COORD_ACCESS_CONFIDENCE,COVERAGE_STATUS,FINAL_CALENDAR_DISPOSITION,SOURCE_PROVENANCE,STABLE_SOURCE_ID
DEL-01,"Nirmal Dham / Shri Mataji Nirmala Devi ashram (Chhawla, southwest Delhi)",Delhi,A+,Sacred ashram destination associated with Shri Mataji Nirmala Devi,Personal spiritual driver for Mark; the fixed A+ Delhi anchor,"Standalone parent, no children","No — distinct destination, not naturally bundled with other Delhi content",LIVE_RECHECK_LATER (exact access/road time not re-verified in this packet),BINDING_NOT_YET_PDF_AUDITED,,governance/CURRENT_DECISIONS_MASTER.md sec.6; decisions/NIRMAL_DHAM_FINAL_DELHI_PLACEMENT_MARK_DECISION_2026-09-09.md,NOT_IN_PERMANENT_REGISTRY
DEL-02,"PVR Priya IMAX (Vasant Vihar, Delhi)",Delhi,A,"Historic standalone Hindi/Bollywood cinema, IMAX screening experience",Mark values a genuine Hindi/IMAX cinema experience if a worthwhile title is actually showing,Standalone; candidate for the final Delhi window,"Yes, fits inside the one free final Delhi day if timing allows",Venue known; exact film/showtime = LIVE_RECHECK_LATER,CONDITIONAL,,"governance/CURRENT_DECISIONS_MASTER.md sec.6; decisions/DELHI_PVR_SELECT_CITYWALK_C_MARK_DECISION_2026-09-02.md (explicit newest Mark decision: ""PVR Priya IMAX ... [A] remains selected"") -- CORRECTED provenance; the prior citation of DECISION_LEDGER DL-0050 (2026-08-31, B) was stale and has been replaced because the 2026-09-02 decision file explicitly supersedes it with A.",NOT_IN_PERMANENT_REGISTRY
DEL-03,"Lotus Temple / Bahá'í House of Worship (Kalkaji, south Delhi)",Delhi,A,"Lotus-shaped Bahá'í House of Worship, architectural/contemplative site",Architectural/contemplative value; general-traveler + quiet-space fit for Delhi final day,Standalone,"Yes, plausible final-Delhi-day companion to other content",Well-known public site; not independently re-verified in this packet,BINDING_NOT_YET_PDF_AUDITED,,governance/CURRENT_DECISIONS_MASTER.md sec.6,NOT_IN_PERMANENT_REGISTRY
KUM-01,"Haidakhan Vishwa Mahadham / Haidakhan Ashram (Haidakhan, Kumaon)",Kumaon,A+,Working ashram/temple/river complex; the physical Haidakhan sleep base itself,Personally resonant Haidakhan Babaji devotion for Mark; two full protected quiet days locked here,"Parent world; the historic cave (KUM-02) is inside the same ashram/gufa world, not a separate excursion",Yes — shares the ashram world/day with KUM-02 by design,P0 open: exact true-Haidakhan Vishwa Mahadham road geometry from Delhi/Nainital still needs decision-grade closure (distinct from Anandpuri/Ranikhet),BINDING_NOT_YET_PDF_AUDITED,,runs/active/INDIA10-CLUSTER-COVERAGE-REAUDIT-001/KUMAON_COMPLETE_EXECUTION_DRAFT_2026-08-26.md; DECISION_LEDGER DL-0023,NOT_IN_PERMANENT_REGISTRY
KUM-02,"Historic Haidakhan cave / gufa (Haidakhan, Kumaon)",Kumaon,A+,"Historic cave associated with Haidakhan Babaji, within the ashram grounds/riverside world",Same personal-devotion motivation as the ashram itself,Child of KUM-01 ashram/gufa world,"Yes — same world/day as KUM-01, explicitly not a separate regional excursion",Same as KUM-01,BINDING_NOT_YET_PDF_AUDITED,,runs/active/INDIA10-CLUSTER-COVERAGE-REAUDIT-001/KUMAON_COMPLETE_EXECUTION_DRAFT_2026-08-26.md,NOT_IN_PERMANENT_REGISTRY
KUM-03,Hotel Evelyn (Nainital),Kumaon,A+,Historic hotel/property linked to Ram Dass's travel history; building/terrace-zone experience,Ram Dass biographical resonance for Mark; exact historic room/floor not proven and must not be fabricated,"Standalone historical property, also functions as the Nainital sleep base","Yes, naturally shared with Nainital local day content",Property identity known; exact historic room/wing unproven — do not fabricate,BINDING_NOT_YET_PDF_AUDITED,,DECISION_LEDGER DL-0025; KUMAON_COMPLETE_EXECUTION_DRAFT_2026-08-26.md,NOT_IN_PERMANENT_REGISTRY
KUM-04,Naini Lake circumambulation walk (Nainital),Kumaon,A+,"Lakeside walking circuit around Naini Lake, ~3.2-3.5 km / 55-75 min, morning preferred","Signature Nainital experience, scenic morning walk",Standalone Nainital-day content,"Yes, natural anchor for a Nainital local day alongside KUM-03/KUM-05",Walk distance/time sourced from prior planning pass; not independently re-verified here,BINDING_NOT_YET_PDF_AUDITED,,KUMAON_COMPLETE_EXECUTION_DRAFT_2026-08-26.md,NOT_IN_PERMANENT_REGISTRY
KUM-05,"Kainchi Dham (Kainchi, Kumaon)",Kumaon,A+,"Neem Karoli Baba ashram/temple complex, pilgrimage site to be treated as unhurried, not a timed photo stop",Neem Karoli Baba devotional significance,"Standalone, ~18-20 km / 45-70 min each way from Nainital",Bundled same-day with KUM-06 Bhumiadhar (~11.6 km/26 min apart),Road distance/time from prior planning pass; LIVE_RECHECK_LATER for winter road conditions,BINDING_NOT_YET_PDF_AUDITED,,KUMAON_COMPLETE_EXECUTION_DRAFT_2026-08-26.md,LEGACY-KAINCHI_EXISTING
KUM-06,"Mahavatar Babaji's Cave (Kukuchina-Dunagiri, Kumaon)",Kumaon,A+,"Cave associated with Mahavatar Babaji, reached via a ~2-3 km / ~1 hour climb from the Dunagiri base",Central Kriya-lineage pilgrimage site for Mark,Standalone pilgrimage anchor; bundled with KUM-12 Babaji Smriti Bhavan in the same pilgrimage world,"Yes, shares a half-day with KUM-12 and optionally KUM-11 Dunagiri Temple",Track/safety/winter-closure status controls exact operational timing; not independently re-verified here,BINDING_NOT_YET_PDF_AUDITED,,KUMAON_COMPLETE_EXECUTION_DRAFT_2026-08-26.md,PERMANENT-079
KUM-07,"Bhumiadhar (near Kainchi, Kumaon)",Kumaon,A,Small locality/site near Kainchi Dham with its own retained relevance,Bundled Neem Karoli Baba-era relevance near Kainchi,Standalone but geographically tied to KUM-05 Kainchi,"Yes — ~11.6 km/26 min from Kainchi, natural same-day bundle",Distance sourced from prior planning pass,BINDING_NOT_YET_PDF_AUDITED,,KUMAON_COMPLETE_EXECUTION_DRAFT_2026-08-26.md,NOT_IN_PERMANENT_REGISTRY
KUM-08,Hanuman Garhi + Maharajji-kuti (Nainital),Kumaon,A,Hanuman temple plus a Neem Karoli Baba (Maharajji) kuti/hermitage on the same hill site,Neem Karoli Baba devotional relevance layered onto a Nainital hill temple,Standalone Nainital-area content,"Yes, fits within a Nainital local day",Site known; not independently re-verified in this packet,BINDING_NOT_YET_PDF_AUDITED,,KUMAON_COMPLETE_EXECUTION_DRAFT_2026-08-26.md,NOT_IN_PERMANENT_REGISTRY
KUM-09,"Dhokaney Waterfall (Dhokaney-Suyalbari, Kumaon)",Kumaon,A,Waterfall reached by a ~0.8-1.2 km / 30-45 min visitor walk off the Almora/Suyalbari road branch,Natural/scenic content on the Nainital-to-Dunagiri transit day,Standalone; sits on the same movement-day corridor as KUM-10/KUM-24 (A* items),"Yes — bundled into the Nainital->Dunagiri transit day, first item to drop if the day runs long",Walk distance from prior planning pass; not independently re-verified here,BINDING_NOT_YET_PDF_AUDITED,,KUMAON_COMPLETE_EXECUTION_DRAFT_2026-08-26.md,NOT_IN_PERMANENT_REGISTRY
KUM-10,"Yogoda Satsanga Sakha Ashram, Dwarahat (Kumaon)",Kumaon,A,"YSS/Yogananda-linked ashram at Dwarahat; a full-day visit, no overnight","Yogananda/Kriya-lineage significance; Mark is Ananda-lineage so NO YSS overnight, but the site visit itself is valued","Standalone, full day HARD requirement (not to be compressed or bundled with other excursions)",No — Mark rule is a dedicated FULL DAY; do not hide other excursions inside this promise,Site known; exact door-to-door commute time from Dunagiri base still an operational item,BINDING_NOT_YET_PDF_AUDITED,,KUMAON_COMPLETE_EXECUTION_DRAFT_2026-08-26.md; DECISION_LEDGER DL-0018,NOT_IN_PERMANENT_REGISTRY
KUM-11,"Dunagiri Temple / Maa Dunagiri Vaishnavi Temple (Dunagiri, Kumaon)",Kumaon,A,Vaishnavi Devi temple at Dunagiri,Local sacred-site relevance in the Dunagiri/Babaji pilgrimage world,Standalone but geographically tied to KUM-06/KUM-12 Dunagiri-Kukuchina world,"Yes, can be added to K6 arrival daylight or K7 pilgrimage-day afternoon if cave time/energy allow",Site known; not independently re-verified here,BINDING_NOT_YET_PDF_AUDITED,,KUMAON_COMPLETE_EXECUTION_DRAFT_2026-08-26.md,NOT_IN_PERMANENT_REGISTRY
KUM-12,"Babaji Smriti Bhavan (Dunagiri-Kukuchina, Kumaon)",Kumaon,A,"Memorial/commemoration building linked to Mahavatar Babaji, in the same pilgrimage world as the cave",Direct extension of the Babaji pilgrimage motivation,Child bundled within the KUM-06 Babaji pilgrimage world,"Yes, same half-day as KUM-06",Site known; not independently re-verified here,BINDING_NOT_YET_PDF_AUDITED,,KUMAON_COMPLETE_EXECUTION_DRAFT_2026-08-26.md,NOT_IN_PERMANENT_REGISTRY
KUM-13,Sattal / Seven Lakes (Kumaon),Kumaon,A*,"Multi-lake forested area, practical walk ~3-4 km / 60-90 min",Scenic enrichment possibility on the Haidakhan->Nainital base-change day,"SKIP_FIRST corridor-bycatch, not a dedicated excursion; only if true-road geometry/daylight/energy allow","Conditional — only as an add-on to the Haidakhan->Nainital transfer day, otherwise SKIP_FIRST","Exact true Haidakhan->Nainital winter road geometry is P0/unresolved, so Sattal's practicality is not yet decidable",SPECIAL_STATUS,,KUMAON_COMPLETE_EXECUTION_DRAFT_2026-08-26.md,NOT_IN_PERMANENT_REGISTRY
KUM-14,Sakley's Restaurant & Pastry Shop (Nainital),Kumaon,A*,Historic bakery/restaurant in Nainital,Food/coffee interest layered onto an already-required Nainital stop,Standalone; food/FINAL-COMFORT-adjacent item with an explicit A* grade already assigned,"Yes, naturally fits arrival into Nainital as food/coffee if practical",Known venue; not independently re-verified here,SPECIAL_STATUS,,KUMAON_COMPLETE_EXECUTION_DRAFT_2026-08-26.md,NOT_IN_PERMANENT_REGISTRY
KUM-15,Kakrighat (also recorded as Karkrighat in later governance files) (Kumaon),Kumaon,A*,"Riverside/ghat site on the Kosi/Almora-side branch, associated with a documented spiritual encounter",Personally resonant pilgrimage bycatch on the Nainital->Dunagiri corridor,"SKIP_FIRST corridor-bycatch, bundled onto the same corridor as KUM-09/KUM-24, not a separate day","Yes — bundled into the K6 transit day, first item to drop if the day runs long","Spelling variance noted: 'Kakrighat' (KUMAON_COMPLETE_EXECUTION_DRAFT) vs 'Karkrighat' (CURRENT_STATE.md/SUCCESSOR_SAFE_STATE.md) — same site, not two entities",SPECIAL_STATUS,,KUMAON_COMPLETE_EXECUTION_DRAFT_2026-08-26.md; governance/CURRENT_STATE.md; governance/SUCCESSOR_SAFE_STATE.md,NOT_IN_PERMANENT_REGISTRY
KUM-16,"Dwarahat historic temple groups (Dwarahat, Kumaon)",Kumaon,A*,Cluster of historic stone temple groups at Dwarahat,"General-traveler/architectural interest, corridor bycatch near the Dunagiri approach",SKIP_FIRST corridor-bycatch on the same K6 transit day,Only if daylight/arrival remains comfortable after KUM-09/KUM-15,Site known; not independently re-verified here,SPECIAL_STATUS,,KUMAON_COMPLETE_EXECUTION_DRAFT_2026-08-26.md,NOT_IN_PERMANENT_REGISTRY
AGR-01,Taj Mahal (Agra East Gate core),Agra,A+,"White-marble mausoleum, UNESCO World Heritage Site, personally visited historically by Paramahansa Yogananda",Sole fixed-core Agra reason to be there; Yogananda historical-photo onsite memory cue required,"Standalone parent, sole protected Agra sightseeing anchor","No — the whole Agra rule is Taj-only, no filler sightseeing to bundle around it",Well-known monument; opening hours/Friday-closure pattern = LIVE_RECHECK_LATER on the actual date,BINDING_NOT_YET_PDF_AUDITED,,decisions/AGRA_TAJ_ONLY_DEPART_ASAP_MARK_DECISION_2026-09-09.md; DECISION_LEDGER DL-0011/DL-0048; decisions/AGRA_TAJ_MAHAL_YOGANANDA_ONSITE_MEMORY_CUE_2026-08-31.md,NOT_IN_PERMANENT_REGISTRY
AGR-02,Bedai at Deviram's (Agra),Agra,A,Specific Agra breakfast food item/vendor (bedai),Special-interest food grade for Mark,"Standalone FINAL-COMFORT-adjacent food item, zero independent day/night weight","Yes — fits inside the Agra morning/waiting window, not a separate stop",Vendor known from prior traveler-layer research; not independently re-verified here,FINAL_COMFORT_ZERO_INDEPENDENT_WEIGHT,,governance/CURRENT_DECISIONS_MASTER.md sec.8,NOT_IN_PERMANENT_REGISTRY
AGR-03,Petha (Agra),Agra,A,Agra's characteristic petha (candied ash-gourd sweet),Special-interest food/sweets grade for Mark,Standalone FINAL-COMFORT-adjacent food item,"Yes, incidental purchase, no dedicated slot",Not independently re-verified here,FINAL_COMFORT_ZERO_INDEPENDENT_WEIGHT,,governance/CURRENT_DECISIONS_MASTER.md sec.8,NOT_IN_PERMANENT_REGISTRY
AGR-04,Gajak (Agra),Agra,A,Agra-area gajak (sesame-jaggery sweet),Special-interest food grade for Mark,Standalone FINAL-COMFORT-adjacent food item,"Yes, incidental purchase, no dedicated slot",Not independently re-verified here,FINAL_COMFORT_ZERO_INDEPENDENT_WEIGHT,,governance/CURRENT_DECISIONS_MASTER.md sec.8,NOT_IN_PERMANENT_REGISTRY
BOD-01,Mahabodhi Temple Complex + Bodhi Tree (Bodh Gaya),Bodh Gaya,A+,"UNESCO World Heritage Buddhist temple complex marking the site of the Buddha's enlightenment, with the Bodhi Tree",Central spiritual anchor of the Bodh Gaya world for Mark,Parent of the protected pilgrimage day (walk-out sequence with BOD-02/BOD-03),Yes — first stop of the protected Mahabodhi->Sujata->Dungeshwari walk-out day,GEO_VERIFIED per corrected registry,BINDING_NOT_YET_PDF_AUDITED,,DECISION_LEDGER DL-0031; runs/active/INDIA10-CLUSTER-COVERAGE-REAUDIT-001/BODHGAYA_VERIFIED_MAP_COORDINATES_2026-08-29.md,PERMANENT-046
BOD-02,Sujata Stupa (Bodh Gaya),Bodh Gaya,A+,Stupa marking the site associated with Sujata's offering to the Buddha,"Buddhist pilgrimage significance, part of the protected walk-out sequence",Second stop of the same protected pilgrimage-day sequence as BOD-01/BOD-03,"Yes, same protected day",GEO_VERIFIED per corrected registry,BINDING_NOT_YET_PDF_AUDITED,,DECISION_LEDGER DL-0031; BODHGAYA_VERIFIED_MAP_COORDINATES_2026-08-29.md,PERMANENT-047
BOD-03,Dungeshwari / Mahakala Caves (near Bodh Gaya),Bodh Gaya,A+,Cave complex associated with the Buddha's pre-enlightenment ascetic period,Buddhist pilgrimage significance; includes the same-hill ridge context (BOD-05),Third stop of the protected walk-out/prearranged-car-back sequence; parent to the ridge/context item BOD-05,"Yes, same protected day; ridge/context (BOD-05) shares this stop physically",GEO_VERIFIED per corrected registry,BINDING_NOT_YET_PDF_AUDITED,,DECISION_LEDGER DL-0030/DL-0040; BODHGAYA_VERIFIED_MAP_COORDINATES_2026-08-29.md,PERMANENT-048
BOD-04,Great Buddha Statue (Bodh Gaya),Bodh Gaya,A,Large seated Buddha statue landmark in Bodh Gaya,General-traveler/Buddhist-heritage landmark content,"Standalone, near the international monastery belt","Yes, can bundle with international monastery belt viewing",Site known; not independently re-verified here,BINDING_NOT_YET_PDF_AUDITED,,DECISION_LEDGER DL-0030/DL-0031,PERMANENT-049
BOD-05,"Ancient Pragbodhi/Dungeshwari stupa ridge (adjacent to Dungeshwari/Mahakala Caves, Bodh Gaya)",Bodh Gaya,A,"Ancient Buddhist stupa ruins (remains of seven early stupas) on the ridge immediately above the Dungeshwari/Mahakala ascetic caves, with valley views","Extends the Dungeshwari pilgrimage experience with the same-hill ancient stupa remains; Mark will certainly try to walk upward when already at the caves, terrain/safety permitting","Physically the same hill/site as BOD-03 Dungeshwari — must not be double-counted as a separate excursion, but must also not disappear",Yes — inherently shares the same stop as BOD-03; the audit finding is precisely that this was OMITTED from the working PDF despite being part of the same physical site,"Same site as BOD-03, GEO_VERIFIED per corrected registry; SAME-HILL ONLY / ZERO EXTRA ROUTE WEIGHT -- attempt only if terrain/access is safe and clear; never creates an extra day/night/detour",MISSING,,"decisions/DUNGESHWARI_STUPA_RIDGE_A_MARK_DECISION_2026-08-29.md; decisions/BODHGAYA_PILGRIMAGE_WALK_DAY_MARK_DECISION_2026-08-29.md; decisions/BODHGAYA_CLUSTER_CLOSURE_MARK_DECISION_2026-08-29.md; decisions/FULL_A_COVERAGE_AND_GLOBAL_ROUTE_TOPOLOGY_REOPTIMIZATION_2026-09-09.md sec.3 item 1 -- CORRECTED identity: named generically as ""same-hill ridge/viewpoint/context"" in the prior packet draft; the owning decision files give it a specific recognizable identity.",NOT_IN_PERMANENT_REGISTRY
BOD-06,"Rajgir Brahmakund hot springs (Rajgir, near Bodh Gaya)",Bodh Gaya,A*,Natural hot springs at Rajgir,Only relevant as natural corridor bycatch if Rajgir is already on-route; NOT a dedicated excursion,ONLY_IF_NATURAL_CORRIDOR_BYCATCH / SKIP_FIRST — explicitly not a dedicated A excursion,"No — current expected Bodh corridor does not naturally pass Rajgir, so no Rajgir day is currently allocated",Rajgir is roughly 7-9h round trip from Bodh Gaya per prior evidence; not worth a dedicated day per Mark's explicit correction,SPECIAL_STATUS,,DECISION_LEDGER DL-0040 (supersedes an earlier simplified A lock and DL-0032 batch placement),NOT_IN_PERMANENT_REGISTRY
VNS-01,Manikarnika Ghat (Varanasi),Varanasi/Sarnath,A+,"Primary cremation ghat on the Ganges, one of Varanasi's most significant sacred sites",Deep experiential/spiritual anchor for Mark; final content block of its day with no hard end time,Parent; Ratneshwar Mahadev (VNS-05) is a child site within/beside it,Yes — Ratneshwar Mahadev (VNS-05) precedes it on the same day/block,Site well-known; not independently re-verified here,BINDING_NOT_YET_PDF_AUDITED,,DECISION_LEDGER DL-0028; VARANASI_LP_MARK_TIME_DECISIONS_2026-08-27.md item 10,PERMANENT-003
VNS-02,"New Bhrigu Karyalaya / Bhadury Sadan (Ramapura-Luxa, Varanasi)",Varanasi/Sarnath,A+,Astrological consultation site connected to the Book of Bhrigu tradition,"Mark's Swami Kriyananda / Book of Bhrigu motivation, not generic astrology tourism",Standalone; LOCKED_BY_MARK; must never be scheduled on the same day as Manikarnika,No — explicit rule: never schedule on Manikarnika day,Site known; Delhi Bhrigu is backup only if Varanasi fails,BINDING_NOT_YET_PDF_AUDITED,,DECISION_LEDGER DL-0029,NOT_IN_PERMANENT_REGISTRY
VNS-03,Dashashwamedh Ghat / Shitala riverfront world incl. evening Ganga Aarti (Varanasi),Varanasi/Sarnath,A+,Main riverfront ghat; nightly Ganga Aarti fire-ceremony viewing position,One of Mark's explicitly named defining India experiences,"Parent riverfront world; the evening Ganga Aarti is A+ child/experience coverage inside it, not a separate new anchor",Yes — Aarti is the evening child-experience of this same A+ world,Site well-known; 2-hour full-evening block explicitly desired by Mark,BINDING_NOT_YET_PDF_AUDITED,,VARANASI_LP_MARK_TIME_DECISIONS_2026-08-27.md item 5,PERMANENT-009
VNS-04,"Sarnath sacred-archaeological world (Dhamek Stupa + Deer Park + museum complex, Sarnath)",Varanasi/Sarnath,A+,Buddhist sacred-archaeological complex ~10km from Varanasi marking the Buddha's first sermon,Confirmed by Mark to remain A+ after an explicit distance/combinability re-review,"Parent world; Dhamek Stupa, Mulagandha Kuti Vihara, Chaukhandi Stupa and Deer Park (VNS-14 to VNS-17) are children currently HIDDEN inside this broad label in the working PDF","Yes, internally bundleable with the A Shreyansanath Jain Tirth per canon; ~2.5-3h onsite plus travel","~13.2km road distance Assi Ghat->Sarnath Museum, ~30-45min each way in traffic per prior evidence",BINDING_NOT_YET_PDF_AUDITED,,VARANASI_LP_MARK_TIME_DECISIONS_2026-08-27.md item 11,PERMANENT-006
VNS-05,"Ratneshwar Mahadev leaning river temple (Manikarnika, Varanasi)",Varanasi/Sarnath,A+,Leaning temple partly submerged near Manikarnika Ghat,Distinctive physical landmark within the Manikarnika world,"Child of VNS-01 Manikarnika, precedes it in sequence","Yes, precedes VNS-01 on the same day/block; Mark wants 1 hour on-site excluding travel",Site well-known landmark; not independently re-verified here,BINDING_NOT_YET_PDF_AUDITED,,VARANASI_LP_MARK_TIME_DECISIONS_2026-08-27.md item 10,PERMANENT-038
VNS-06,"Banarasi paan (Old City, Varanasi)",Varanasi/Sarnath,A,Varanasi's characteristic paan (betel-leaf preparation),Fun local-culture item if already there/passing through,Standalone FINAL-COMFORT-adjacent food item,"Yes, only if already passing through, no dedicated day",1 hour reserved; not independently re-verified here,FINAL_COMFORT_ADJACENT_SMALL_TIME_RESERVATION_1H,,VARANASI_LP_MARK_TIME_DECISIONS_2026-08-27.md item 1,NOT_IN_PERMANENT_REGISTRY
VNS-07,"Bengali Tola-Thatheri Bazaar-Chowk lanes (Old Kashi, Varanasi)",Varanasi/Sarnath,A,"Old-city lane/bazaar walk through Bengali Tola, Thatheri Bazaar and Chowk",General-traveler human-texture interest; Mark is interested but does not want a dedicated day,"Standalone, preferred as a route-through corridor toward another destination","Yes, route THROUGH it toward a selected destination; 1 hour reserved",Lane network well-known; not independently re-verified here,BINDING_NOT_YET_PDF_AUDITED,,VARANASI_LP_MARK_TIME_DECISIONS_2026-08-27.md item 8,NOT_IN_PERMANENT_REGISTRY
VNS-08,Assi-Tulsi riverfront slow dawn ghat walk (Varanasi),Varanasi/Sarnath,A,Slow walking experience along the Assi-Tulsi riverfront ghats at dawn,Contemplative dawn riverfront experience distinct from other dawn blocks,Standalone; must not be silently merged with VNS-09 or VNS-10 merely to save nights,No forced merge — Mark explicitly wants this preserved as its own distinct 3-hour block,Well-known riverfront zone; not independently re-verified here,BINDING_NOT_YET_PDF_AUDITED,,VARANASI_LP_MARK_TIME_DECISIONS_2026-08-27.md item 12,NOT_IN_PERMANENT_REGISTRY
VNS-09,"Subah-e-Banaras, Assi Ghat (Varanasi)",Varanasi/Sarnath,A,Morning cultural/musical riverside program at Assi Ghat,Distinct recommended morning experience Mark accepted,Standalone; must remain distinct from VNS-08 and VNS-10,No forced merge with the other dawn experiences,Well-known program; exact schedule = LIVE_RECHECK_LATER,BINDING_NOT_YET_PDF_AUDITED,,VARANASI_LP_MARK_TIME_DECISIONS_2026-08-27.md item 13,NOT_IN_PERMANENT_REGISTRY
VNS-10,Ganges dawn rowboat (Varanasi),Varanasi/Sarnath,A,"Rowboat experience on the Ganges at dawn, ~90-120 min rowing plus embark/disembark margin",Iconic Varanasi river experience with its own protected 2.5-hour block,Standalone; must not be automatically merged with VNS-08/VNS-09,No forced merge — Mark explicitly wants a distinct 2.5-hour block,Well-known activity; boat operator/exact timing = LIVE_RECHECK_LATER,BINDING_NOT_YET_PDF_AUDITED,,VARANASI_LP_MARK_TIME_DECISIONS_2026-08-27.md item 14,NOT_IN_PERMANENT_REGISTRY
VNS-11,Maa Annapurna Temple (Varanasi),Varanasi/Sarnath,A,"Temple dedicated to Annapurna, near the Kashi Vishwanath temple zone",Retained current A/A+ canon site per the full-coverage audit,"Standalone, part of the Old City temple microcluster","Likely bundleable with the Kashi Vishwanath/Old City zone visit, not independently confirmed in this packet",Not independently re-verified in this packet; LIVE_RECHECK_LATER on exact access,MISSING,,decisions/FULL_A_COVERAGE_AND_GLOBAL_ROUTE_TOPOLOGY_REOPTIMIZATION_2026-09-09.md sec.3 item 2,PERMANENT-014
VNS-12,Vishalakshi Gauri Temple (Varanasi),Varanasi/Sarnath,A,Shakti Peetha temple in the Old City temple zone,Retained current A/A+ canon site per the full-coverage audit,"Standalone, part of the Old City temple microcluster","Likely bundleable with the Old City temple zone visit, not independently confirmed in this packet",Not independently re-verified in this packet; LIVE_RECHECK_LATER on exact access,MISSING,,decisions/FULL_A_COVERAGE_AND_GLOBAL_ROUTE_TOPOLOGY_REOPTIMIZATION_2026-09-09.md sec.3 item 3,PERMANENT-017
VNS-13,Bhaskarananda Samadhi / Anand Bagh (Varanasi),Varanasi/Sarnath,CONFLICT_UNRESOLVED,Samadhi shrine and garden site of the ascetic Bhaskarananda,Samadhi/memorial garden of the 19th-century Varanasi ascetic saint Swami Bhaskarananda; personal ascetic-lineage/devotional interest for a Varanasi pilgrimage circuit. GRADE IS DISPUTED -- see CLOSED_FACTS_OPEN_VARIABLES.md Category 4 conflict register entry CR-1 before treating as A or B.,Standalone,Not independently confirmed in this packet,Not independently re-verified in this packet; LIVE_RECHECK_LATER on exact access,"CONFLICT_UNRESOLVED -- see conflict register (CLOSED_FACTS_OPEN_VARIABLES.md Category 4, CR-1)",,"PROTECTED_CANON_BASELINE.csv id 028 (A, 2026-08-02) and decisions/FULL_A_COVERAGE_AND_GLOBAL_ROUTE_TOPOLOGY_REOPTIMIZATION_2026-09-09.md sec.3 item 4 (A) CONFLICT with runs/active/INDIA10-CLUSTER-COVERAGE-REAUDIT-001/CURRENT_OLD_A_PROMOTION_MASTER.md (2026-08-24, RESOLVED B) and runs/active/INDIA10-CLUSTER-COVERAGE-REAUDIT-001/A_PLUS_MARK_DECISION_LOG.md sec 'LATEST VARANASI ORDINARY GRADES -- MARK 2026-08-27' (B). Not resolved by CCI; see conflict register.",PERMANENT-028
VNS-14,Dhamek Stupa (Sarnath),Varanasi/Sarnath,A,Large Buddhist stupa marking the site of the Buddha's first sermon,Core Buddhist pilgrimage landmark inside the Sarnath world,Child of VNS-04 Sarnath sacred-archaeological world,"Yes, inherently part of the same Sarnath visit block as VNS-04/VNS-15/VNS-16/VNS-17",Same as VNS-04,HIDDEN_IN_CLUSTER,,decisions/FULL_A_COVERAGE_AND_GLOBAL_ROUTE_TOPOLOGY_REOPTIMIZATION_2026-09-09.md sec.3 item 9,PERMANENT-029
VNS-15,Mulagandha Kuti Vihara (Sarnath),Varanasi/Sarnath,A,"Modern Buddhist temple with murals depicting the Buddha's life, within the Sarnath complex",Core Buddhist pilgrimage/art content inside the Sarnath world,Child of VNS-04,"Yes, same Sarnath visit block",Same as VNS-04,HIDDEN_IN_CLUSTER,,decisions/FULL_A_COVERAGE_AND_GLOBAL_ROUTE_TOPOLOGY_REOPTIMIZATION_2026-09-09.md sec.3 item 10,PERMANENT-030
VNS-16,Chaukhandi Stupa (Sarnath),Varanasi/Sarnath,A,Stupa marking the traditional site where the Buddha met his first five disciples,Buddhist pilgrimage landmark near the Sarnath complex,Child of VNS-04,"Yes, same Sarnath visit block/vicinity",Same as VNS-04,HIDDEN_IN_CLUSTER,,decisions/FULL_A_COVERAGE_AND_GLOBAL_ROUTE_TOPOLOGY_REOPTIMIZATION_2026-09-09.md sec.3 item 11,PERMANENT-031
VNS-17,Deer Park (Sarnath),Varanasi/Sarnath,A,"Deer park within the Sarnath archaeological complex, traditional site of the first sermon",Buddhist pilgrimage/nature content inside the Sarnath world,Child of VNS-04,"Yes, same Sarnath visit block",Same as VNS-04,HIDDEN_IN_CLUSTER,,decisions/FULL_A_COVERAGE_AND_GLOBAL_ROUTE_TOPOLOGY_REOPTIMIZATION_2026-09-09.md sec.3 item 12,PERMANENT-033
VNS-18,Saranganath Temple (Sarnath),Varanasi/Sarnath,A,Temple in the Sarnath area distinct from the Buddhist stupa complex,Retained current A/A+ canon site per the full-coverage audit,"Standalone, near but distinct from the VNS-04 Buddhist complex",Not independently confirmed in this packet,Not independently re-verified in this packet; LIVE_RECHECK_LATER on exact access,MISSING,,decisions/FULL_A_COVERAGE_AND_GLOBAL_ROUTE_TOPOLOGY_REOPTIMIZATION_2026-09-09.md sec.3 item 5,PERMANENT-034
VNS-19,Tulsi Manas Temple (Varanasi),Varanasi/Sarnath,CONFLICT_UNRESOLVED,"Temple dedicated to Tulsidas, marble walls inscribed with the Ramcharitmanas","Temple commemorating Tulsidas, author of the vernacular Ramcharitmanas; literary/devotional pilgrimage relevance near the Durga Kund/Sankat Mochan temple zone. GRADE IS DISPUTED -- see CLOSED_FACTS_OPEN_VARIABLES.md Category 4 conflict register entry CR-2 before treating as A or B.","Standalone, near the Durga Kund/Sankat Mochan temple zone","Likely bundleable with that temple zone, not independently confirmed in this packet",Not independently re-verified in this packet; LIVE_RECHECK_LATER on exact access,"CONFLICT_UNRESOLVED -- see conflict register (CLOSED_FACTS_OPEN_VARIABLES.md Category 4, CR-2)",,"PROTECTED_CANON_BASELINE.csv id 035 (A, 2026-08-02) and decisions/FULL_A_COVERAGE_AND_GLOBAL_ROUTE_TOPOLOGY_REOPTIMIZATION_2026-09-09.md sec.3 item 6 (A) CONFLICT with runs/active/INDIA10-CLUSTER-COVERAGE-REAUDIT-001/CURRENT_OLD_A_PROMOTION_MASTER.md (2026-08-24, RESOLVED B) and runs/active/INDIA10-CLUSTER-COVERAGE-REAUDIT-001/A_PLUS_MARK_DECISION_LOG.md sec 'LATEST VARANASI ORDINARY GRADES -- MARK 2026-08-27' (B). Not resolved by CCI; see conflict register.",PERMANENT-035
VNS-20,Lahiri Mahasaya original/family house (Varanasi),Varanasi/Sarnath,A+,"Home associated with Lahiri Mahasaya, the Kriya Yoga guru",Direct Kriya-lineage significance for Mark,Standalone; access not safely guaranteed,Not confirmed; access-dependent,Current plan only says visit 'if exact access is confirmed' — access itself is the open variable,CONDITIONAL (grade upgraded A->A+; access itself remains the open variable),,"decisions/FULL_A_COVERAGE_AND_GLOBAL_ROUTE_TOPOLOGY_REOPTIMIZATION_2026-09-09.md sec.3 item 7 | GRADE CORRECTED to A+ per runs/active/INDIA10-CLUSTER-COVERAGE-REAUDIT-001/SELECTED_A_PLUS_ANCHOR_IDENTITY_BASELINE.md sec V1 (explicit 'Mark: A+', updated 2026-08-24) and A_PLUS_MARK_DECISION_LOG.md 'Varanasi Kriya core (Lahiri Mahasaya-huis + samadhi + Yogananda/Sri Yukteswar-zone) -- A+ parent' (2026-08-27, newer/more explicit than the [A] used by the 2026-09-09 audit seed, which self-describes as an unverified seed that 'does NOT change any Mark grade').",PERMANENT-002
VNS-21,Shitala Mata Temple (Varanasi),Varanasi/Sarnath,A,"Temple dedicated to Shitala Mata, positioned near the Ganga Aarti/Dashashwamedh zone",Retained current A/A+ canon site per the full-coverage audit,"Near VNS-03 Dashashwamedh/Shitala riverfront world but current plan gives only Shitala context/position, not a real visit block","Potentially shareable with VNS-03 evening block if a real visit slot is built, not yet confirmed","Current plan gives context/position only, not a confirmed visit block — this is the open variable",CONDITIONAL,,decisions/FULL_A_COVERAGE_AND_GLOBAL_ROUTE_TOPOLOGY_REOPTIMIZATION_2026-09-09.md sec.3 item 8,PERMANENT-039
VNS-22,"Sahi River View Guesthouse, Assi Ghat (Varanasi)",Varanasi/Sarnath,SPECIAL/ACCOMMODATION,"The locked Varanasi sleep base itself, with a desired balcony room","Personal recommendation (Debby's greetings, contact Jitendre) plus practical Assi Ghat base location","Accommodation-grade anchor, not an ordinary sightseeing visit — must not be double-counted as a content omission","N/A — this is the base, not a bundled visit",Property/contact known per prior canon; not independently re-verified here,SPECIAL_STATUS,,DECISION_LEDGER DL-0027,VNS-HOTEL-001
VNS-23,Shreyansanath Jain Tirth (Sarnath),Varanasi/Sarnath,A,Jain pilgrimage site (tirth) within the Sarnath sacred-archaeological zone,Retained A-graded site explicitly named as part of the Sarnath world's internal bundling,"Child of VNS-04 Sarnath sacred-archaeological world — named in canon as bundleable but NOT listed in the known governance MISSING/HIDDEN seed (found during CCI's own completeness self-check, not part of the original audit seed)","Yes, same Sarnath visit block as VNS-04/VNS-14 to VNS-17 per its own source citation",Not independently re-verified in this packet,HIDDEN_IN_CLUSTER,,VARANASI_LP_MARK_TIME_DECISIONS_2026-08-27.md item 11 (found by CCI during Phase-1 self-check; not present in the decisions/FULL_A_COVERAGE_AND_GLOBAL_ROUTE_TOPOLOGY_REOPTIMIZATION_2026-09-09.md seed list),PERMANENT-043
KOL-01,"Dakshineswar Kali Temple (Dakshineswar, Kolkata)",Kolkata/Dakshineswar,A+,"Ramakrishna's Kali temple, including his room and the Panchavati grove",Major Sri Ramakrishna anchor; central to the Bengal spiritual world,Parent anchor of the Kolkata/Dakshineswar world,"Yes, natural same-zone bundle with KOL-02",Site well-known; not independently re-verified here,BINDING_NOT_YET_PDF_AUDITED,,decisions/KOLKATA_DAKSHINESWAR_MARK_SITE_DECISIONS_2026-09-07.md; decisions/FINAL_TRIP_WORLDS_LOCK_2026-09-07.md,NOT_IN_PERMANENT_REGISTRY
KOL-02,"Yogoda Satsanga Math, Dakshineswar (Kolkata)",Kolkata/Dakshineswar,A+,Yogananda/Kriya ashram and YSS headquarters at Dakshineswar,Direct Yogananda/Kriya-lineage significance; preferred sleep-base candidate if eligibility/accommodation confirmed,"Standalone, adjacent to KOL-01","Yes, natural same-zone bundle with KOL-01","Site well-known; sleep-base eligibility for Mark (Ananda lineage, not YSS/SRF) is the open variable",BINDING_NOT_YET_PDF_AUDITED,,decisions/KOLKATA_DAKSHINESWAR_MARK_SITE_DECISIONS_2026-09-07.md; decisions/DAKSHINESWAR_YSS_LODGING_LINEAGE_COMPATIBILITY_2026-09-07.md,NOT_IN_PERMANENT_REGISTRY
KOL-03,"Belur Math (Belur/Howrah, near Kolkata)",Kolkata/Dakshineswar,A,"Ramakrishna Math & Mission headquarters with temples to Ramakrishna, Sarada Devi and Vivekananda",Major concentrated Ramakrishna-lineage anchor,"Standalone, across the river from Dakshineswar",Not confirmed as same-day bundle with KOL-01/KOL-02 in this packet,Site well-known; not independently re-verified here,BINDING_NOT_YET_PDF_AUDITED,,decisions/KOLKATA_DAKSHINESWAR_MARK_SITE_DECISIONS_2026-09-07.md,NOT_IN_PERMANENT_REGISTRY
KOL-04,"4 Garpar Road (Garpar, Kolkata)",Kolkata/Dakshineswar,A+,"Yogananda family home, meditation attic, Babaji-linked family-home site",Direct Yogananda biographical significance; distance from Dakshineswar does not disqualify it,"Standalone, explicit cross-city exception bundle with KOL-05","Yes, natural pairing with KOL-05 (both A+, both Yogananda-linked, in the same Garpar area)",HARD PRE-ARRIVAL ACTION REQUIRED: email in advance to ask whether a visit/access can be arranged; do not assume walk-in access,BINDING_NOT_YET_PDF_AUDITED,,decisions/KOLKATA_DAKSHINESWAR_MARK_SITE_DECISIONS_2026-09-07.md,NOT_IN_PERMANENT_REGISTRY
KOL-05,"Yogoda Satsanga Dhyana Kendra - Garpar, 37A Raja Dinendra Street (Kolkata)",Kolkata/Dakshineswar,A+,Living YSS/Yogananda meditation centre with regular public group meditations/satsangas,Direct Yogananda/Kriya-lineage significance; opportunity to attend an actual group meditation,"Standalone, distinct site from KOL-04 (do not conflate the two)","Yes, natural pairing with KOL-04 in the same Garpar area",Regular meditations confirmed on the official YSS page; exact Jan-2027 schedule = LIVE_RECHECK_LATER (call ahead),BINDING_NOT_YET_PDF_AUDITED,,decisions/KOLKATA_DAKSHINESWAR_MARK_SITE_DECISIONS_2026-09-07.md,NOT_IN_PERMANENT_REGISTRY
TIR-01,Arunachala / Ramana sacred world (Tiruvannamalai),Tiruvannamalai/Arunachala,A+,The sacred mountain Arunachala and its association with Sri Ramana Maharshi,"Strong personal attraction for Mark; experiential/low-tempo world, not checklist pacing",Parent world; TIR-02 to TIR-08 are its protected A children,"Yes, the whole world is experienced across the multi-night stay, not a single bundled visit",Well-known sacred mountain/town; not independently re-verified here,BINDING_NOT_YET_PDF_AUDITED,,decisions/ARUNACHALA_TIRUVANNAMALAI_A_ANCHOR_2026-08-18.md; DECISION_LEDGER DL-0019/DL-0033,NOT_IN_PERMANENT_REGISTRY
TIR-02,Sri Ramanasramam (Tiruvannamalai),Tiruvannamalai/Arunachala,A,Ramana Maharshi's ashram; desired ashram sleep experience #2 if accepted/available,Central Ramana devotional site; one standalone full immersion day is part of the current duration design,Child of TIR-01; may also function as an accommodation candidate,"Yes, standalone full-immersion day protected within the multi-night stay",Ashram acceptance/availability = LIVE_RECHECK_LATER,BINDING_NOT_YET_PDF_AUDITED,,DECISION_LEDGER DL-0016/DL-0033; TIRUVANNAMALAI_SRI_RAMANASRAMAM_STAY_MODEL_2026-08-30.md,NOT_IN_PERMANENT_REGISTRY
TIR-03,"Virupaksha Cave (Arunachala, Tiruvannamalai)",Tiruvannamalai/Arunachala,A,Cave on Arunachala where Ramana Maharshi lived for several years,Core Ramana biographical/pilgrimage site,Child of TIR-01,"Yes, part of the Arunachala pilgrimage circuit alongside TIR-04",Well-known site; not independently re-verified here,BINDING_NOT_YET_PDF_AUDITED,,DECISION_LEDGER DL-0033,NOT_IN_PERMANENT_REGISTRY
TIR-04,"Skandashram (Arunachala, Tiruvannamalai)",Tiruvannamalai/Arunachala,A,"Hermitage on Arunachala where Ramana Maharshi later lived, above Virupaksha Cave",Core Ramana biographical/pilgrimage site,"Child of TIR-01, physically near TIR-03","Yes, natural same-visit pairing with TIR-03 (short climb apart)",Well-known site; not independently re-verified here,BINDING_NOT_YET_PDF_AUDITED,,DECISION_LEDGER DL-0033,NOT_IN_PERMANENT_REGISTRY
TIR-05,Arunachaleswarar / Annamalaiyar Temple (Tiruvannamalai),Tiruvannamalai/Arunachala,A,"Major Shiva temple at the base of Arunachala, one of the largest temple complexes in India",Core sacred-site content of the Arunachala world,Child of TIR-01,"Yes, town-center anchor, combinable with Girivalam start/end (TIR-08)",Well-known temple; not independently re-verified here,BINDING_NOT_YET_PDF_AUDITED,,DECISION_LEDGER DL-0033,NOT_IN_PERMANENT_REGISTRY
TIR-06,Gurumurtam (Tiruvannamalai),Tiruvannamalai/Arunachala,A,Site associated with Ramana Maharshi's early period in Tiruvannamalai,Ramana biographical relevance,Child of TIR-01,Not independently confirmed in this packet,Site known; not independently re-verified here,BINDING_NOT_YET_PDF_AUDITED,,DECISION_LEDGER DL-0033,NOT_IN_PERMANENT_REGISTRY
TIR-07,"Pavalakunru (Arunachala, Tiruvannamalai)",Tiruvannamalai/Arunachala,A,"A spur/hill of Arunachala with its own temple, associated with early Ramana-era history",Ramana biographical/pilgrimage relevance,Child of TIR-01,Not independently confirmed in this packet,Site known; not independently re-verified here,BINDING_NOT_YET_PDF_AUDITED,,DECISION_LEDGER DL-0033,NOT_IN_PERMANENT_REGISTRY
TIR-08,"Giripradakshina / Girivalam, 14km circuit (Arunachala, Tiruvannamalai)",Tiruvannamalai/Arunachala,A,14km circumambulation walk around the base of Arunachala,Central pilgrimage practice at Arunachala,Child of TIR-01; operational start/end point is Mark's actual sleep base per Mark's explicit walk-execution rule,"Yes, town/temple sites (e.g. TIR-05) lie directly on or near the circuit","Start/end = actual sleep base, not an artificial trailhead; route app labels should not override this",BINDING_NOT_YET_PDF_AUDITED,,DECISION_LEDGER DL-0033/DL-0052,NOT_IN_PERMANENT_REGISTRY
TIR-09,The Dreaming Tree (Tiruvannamalai),Tiruvannamalai/Arunachala,A,Café/restaurant in Tiruvannamalai,Positive Mark restaurant/food interest,"Standalone FINAL-COMFORT restaurant, zero independent sightseeing/day/night weight","Yes, incidental, no dedicated slot",Not independently re-verified here,FINAL_COMFORT_ZERO_INDEPENDENT_WEIGHT_MUST_NOT_ARGUE_FOR_EXTRA_NIGHTS,,runs/active/INDIA10-CLUSTER-COVERAGE-REAUDIT-001/TIRUVANNAMALAI_FILE_INDEX.md (successor lesson 1); governance/CURRENT_DECISIONS_MASTER.md sec.11,NOT_IN_PERMANENT_REGISTRY
TIR-10,The Inner Child (Tiruvannamalai),Tiruvannamalai/Arunachala,A,Café/restaurant in Tiruvannamalai,Positive Mark restaurant/food interest,"Standalone FINAL-COMFORT restaurant, zero independent weight","Yes, incidental, no dedicated slot",Not independently re-verified here,FINAL_COMFORT_ZERO_INDEPENDENT_WEIGHT,,runs/active/INDIA10-CLUSTER-COVERAGE-REAUDIT-001/TIRUVANNAMALAI_FILE_INDEX.md; governance/CURRENT_DECISIONS_MASTER.md sec.11,NOT_IN_PERMANENT_REGISTRY
TIR-11,Amutham (Tiruvannamalai),Tiruvannamalai/Arunachala,A,Restaurant in Tiruvannamalai,Positive Mark restaurant/food interest,"Standalone FINAL-COMFORT restaurant, zero independent weight","Yes, incidental, no dedicated slot",Not independently re-verified here,FINAL_COMFORT_ZERO_INDEPENDENT_WEIGHT,,governance/CURRENT_DECISIONS_MASTER.md sec.11,NOT_IN_PERMANENT_REGISTRY
VNS-24,Lahiri Mahasaya Samadhi / Satyalok (Varanasi),Varanasi/Sarnath,A,"Samadhi/memorial shrine site of Lahiri Mahasaya, the Kriya Yoga guru, distinct from his family home (VNS-20)",Direct Kriya-lineage significance for Mark; a physically separate site from the family home and previously entirely absent from the ledger,"Standalone; part of the same Varanasi Kriya core devotional world as VNS-20 (family home) but a distinct physical location, must not be merged into it","Possibly bundleable with VNS-20 on the same devotional-day block, not independently confirmed in this packet",Not independently re-verified in this packet; LIVE_RECHECK_LATER on exact access,MISSING,,PROTECTED_CANON_BASELINE.csv id 001; found missing during CCI's WORK-audit repair pass (2026-09-10),PERMANENT-001
VNS-25,Shri Tailanga Swami Math (Varanasi),Varanasi/Sarnath,A,"Math/shrine associated with the 19th-century yogi Tailanga Swami, in the Panchganga Ghat area",Sacred-world anchor of the Panchganga/Tailanga devotional cluster for Mark's yoga-lineage interest,Standalone; forms the same Panchganga/Tailanga sacred-world microcluster as VNS-29 (Panchganga Ghat) and VNS-36 (Bindu Madhav Temple),"Yes, natural same-block bundle with VNS-29/VNS-36",Not independently re-verified in this packet; LIVE_RECHECK_LATER on exact access,MISSING,,PROTECTED_CANON_BASELINE.csv id 004; MARK_DECISIONS_2026-08-02.jsonl VNS-CAND-004 (A); found missing during CCI's WORK-audit repair pass (2026-09-10),PERMANENT-004
VNS-26,"Shree Shree Ma Anandamayi Ashram, Bhadaini (Varanasi)",Varanasi/Sarnath,A+,Visitable ashram of Sri Anandamayi Ma in the Bhadaini area,"Direct devotional significance to a major 20th-century Bengali saint; explicitly listed as a standalone A+ anchor in the current A+ spine, not merely a member of the older Bhadaini-Assi A cluster","Standalone A+ anchor, geographically near the Assi/Bhadaini world (VNS-08, VNS-28)","Yes, plausibly bundled with the Assi Ghat/Bhadaini morning block",Not independently re-verified in this packet; LIVE_RECHECK_LATER on exact access,MISSING,,"runs/active/INDIA10-CLUSTER-COVERAGE-REAUDIT-001/A_PLUS_MARK_DECISION_LOG.md 'CURRENT A+ SPINE' (2026-08-27, standalone A+ line, superseding the 2026-08-02 cluster-level A); found missing during CCI's WORK-audit repair pass (2026-09-10)",PERMANENT-005
VNS-27,Shri Kashi Vishwanath Temple (Varanasi),Varanasi/Sarnath,A,"Major Jyotirlinga Shiva temple, the central shrine of sacred Kashi, in the Old City temple zone",One of the most significant living Hindu shrines in Varanasi; core member of the Kashi Vishwanath old-city temple cluster alongside Annapurna (VNS-11) and Vishalakshi Gauri (VNS-12),"Standalone core of the Kashi Vishwanath Old City temple microcluster (siblings VNS-11, VNS-12)","Yes, natural same-block bundle with VNS-11/VNS-12",Not independently re-verified in this packet; LIVE_RECHECK_LATER on exact access (heavy security/queue zone),MISSING,,PROTECTED_CANON_BASELINE.csv id 007; MARK_DECISIONS_2026-08-02.jsonl CLUSTER_DECISION VISHWANATH_OLD_CITY members 007/014/017 all_status A; found missing during CCI's WORK-audit repair pass (2026-09-10),PERMANENT-007
VNS-28,Assi Ghat (Varanasi),Varanasi/Sarnath,A+,"Southernmost major ghat on the Ganges, morning/pilgrimage anchor of the Bhadaini-Assi world","Explicitly listed as a standalone A+ anchor in the current A+ spine; the physical ghat itself, not merely the dawn walk/Subah-e-Banaras experiences named after it",Standalone A+ physical anchor; VNS-08 (dawn walk) and VNS-09 (Subah-e-Banaras) are experiences that happen AT this ghat but do not themselves satisfy the one-row-per-physical-entity requirement for the ghat itself,"Yes, shares its world with VNS-08/VNS-09/VNS-26",Not independently re-verified in this packet; LIVE_RECHECK_LATER on exact access,MISSING,,"runs/active/INDIA10-CLUSTER-COVERAGE-REAUDIT-001/A_PLUS_MARK_DECISION_LOG.md 'CURRENT A+ SPINE' (2026-08-27, standalone A+ line, superseding the 2026-08-02 cluster-level A); found missing during CCI's WORK-audit repair pass (2026-09-10)",PERMANENT-010
VNS-29,Panchganga Ghat (Varanasi),Varanasi/Sarnath,A,"Ganges ghat at the confluence traditionally of five rivers, in the Tailanga Swami/Panchganga sacred world",Core physical anchor of the Panchganga sacred-world microcluster alongside Tailanga Swami Math (VNS-25) and Bindu Madhav Temple (VNS-36),"Standalone, same microcluster as VNS-25/VNS-36","Yes, natural same-block bundle with VNS-25/VNS-36",Not independently re-verified in this packet; LIVE_RECHECK_LATER on exact access,MISSING,,PROTECTED_CANON_BASELINE.csv id 011; MARK_DECISIONS_2026-08-02.jsonl VNS-CAND-011 (A); found missing during CCI's WORK-audit repair pass (2026-09-10),PERMANENT-011
VNS-30,Sankat Mochan Hanuman Temple (Varanasi),Varanasi/Sarnath,A,"Living Hanuman temple traditionally connected to the poet-saint Tulsidas, south Varanasi","Major living devotional temple in the Durga Kund/south-Varanasi temple zone, reconfirmed A on 2026-08-27","Standalone, part of the Durga Kund/south-Varanasi microcluster alongside VNS-31","Yes, natural same-block bundle with VNS-31 (Durga Temple/Durga Kund)",Not independently re-verified in this packet; LIVE_RECHECK_LATER on exact access,MISSING,,"PROTECTED_CANON_BASELINE.csv id 015; A_PLUS_MARK_DECISION_LOG.md 'LATEST VARANASI ORDINARY GRADES -- MARK 2026-08-27' (A, reconfirmed); found missing during CCI's WORK-audit repair pass (2026-09-10)",PERMANENT-015
VNS-31,Durga Temple and Durga Kund (Varanasi),Varanasi/Sarnath,A,"Red-painted living Durga temple with an adjoining sacred tank, south Varanasi","Major living devotional temple/tank complex in the same south-Varanasi temple zone as Sankat Mochan (VNS-30), reconfirmed A on 2026-08-27","Standalone, part of the Durga Kund/south-Varanasi microcluster alongside VNS-30","Yes, natural same-block bundle with VNS-30",Not independently re-verified in this packet; LIVE_RECHECK_LATER on exact access,MISSING,,"PROTECTED_CANON_BASELINE.csv id 016; A_PLUS_MARK_DECISION_LOG.md 'LATEST VARANASI ORDINARY GRADES -- MARK 2026-08-27' (A, reconfirmed); found missing during CCI's WORK-audit repair pass (2026-09-10)",PERMANENT-016
VNS-32,Sankatha Devi Temple (Varanasi),Varanasi/Sarnath,A,Devi temple in the Manikarnika/Panchganga old-city ghat-walk corridor,Route-side devotional stop on the same core ghat walk as Manikarnika Ghat (VNS-01); Mark-graded A as immediate route-side content,"Child/route-side member of the Manikarnika-Lalita-Panchganga-Scindia ghat-walk world (VNS-01, VNS-34, VNS-35, VNS-36)","Yes, same ghat-walk block as VNS-01",Not independently re-verified in this packet; LIVE_RECHECK_LATER on exact access,MISSING,,"PROTECTED_CANON_BASELINE.csv id 018; MARK_DECISIONS_2026-08-02.jsonl VNS-CAND-018 (A, 'immediate route-side bycatch'); found missing during CCI's WORK-audit repair pass (2026-09-10)",PERMANENT-018
VNS-33,Kedareshwar Temple and Kedar Ghat (Varanasi),Varanasi/Sarnath,A,"Shiva temple and adjoining ghat on the Ganges, south-central old city",Living devotional temple/ghat; governance explicitly protects this as immutable A and forbids any 'older route prose' downgrade to B,Standalone old-city temple/ghat site,Not independently confirmed as a same-day bundle in this packet,"Exact Google Maps-linked marker 25.2995855, 83.0060964 per handoffs/INDIA8_TO_INDIA9_QUARTER_HOUR_PLANNING_DELTA_2026-08-23.md",MISSING,,PROTECTED_CANON_BASELINE.csv id 019; governance/INDIA9_CANON_RECONCILIATION_2026-08-23.md (explicit: 'immutable VNS decisions 019=A ... not allowed to be overridden by older route prose labeling it B'); found missing during CCI's WORK-audit repair pass (2026-09-10),PERMANENT-019
VNS-34,Lalita Ghat (Varanasi),Varanasi/Sarnath,A,"Ganges ghat with a Nepalese wooden pagoda temple, in the Manikarnika ghat-walk corridor",Route-side devotional/architectural stop on the same core ghat walk as Manikarnika Ghat (VNS-01),Route-side member of the Manikarnika-Lalita-Panchganga-Scindia ghat-walk world (VNS-01),"Yes, same ghat-walk block as VNS-01",Not independently re-verified in this packet; LIVE_RECHECK_LATER on exact access,MISSING,,"PROTECTED_CANON_BASELINE.csv id 020; MARK_DECISIONS_2026-08-02.jsonl VNS-CAND-020 (A, 'immediate route-side bycatch'); found missing during CCI's WORK-audit repair pass (2026-09-10)",PERMANENT-020
VNS-35,Nepali Temple / Kathwala Temple (Varanasi),Varanasi/Sarnath,A,Nepalese-style wooden pagoda temple at/near Lalita Ghat,Route-side architectural/devotional stop on the same core ghat walk as Manikarnika Ghat (VNS-01) and Lalita Ghat (VNS-34),Route-side member of the Manikarnika-Lalita-Panchganga-Scindia ghat-walk world,"Yes, same ghat-walk block as VNS-01/VNS-34",Not independently re-verified in this packet; LIVE_RECHECK_LATER on exact access,MISSING,,"PROTECTED_CANON_BASELINE.csv id 021; MARK_DECISIONS_2026-08-02.jsonl VNS-CAND-021 (A, 'immediate route-side bycatch'); found missing during CCI's WORK-audit repair pass (2026-09-10)",PERMANENT-021
VNS-36,Bindu Madhav Temple (Varanasi),Varanasi/Sarnath,A,Vishnu temple in the Panchganga Ghat area,Core physical anchor of the Panchganga sacred-world microcluster alongside Tailanga Swami Math (VNS-25) and Panchganga Ghat (VNS-29),"Standalone, same microcluster as VNS-25/VNS-29","Yes, natural same-block bundle with VNS-25/VNS-29",Not independently re-verified in this packet; LIVE_RECHECK_LATER on exact access,MISSING,,PROTECTED_CANON_BASELINE.csv id 022; MARK_DECISIONS_2026-08-02.jsonl VNS-CAND-022 (A); found missing during CCI's WORK-audit repair pass (2026-09-10),PERMANENT-022
VNS-37,Kabir Chaura Math (Varanasi),Varanasi/Sarnath,A,Living centre of the mystic-poet Kabir and the Kabir Panth tradition,Devotional/literary-tradition significance; reconfirmed A on 2026-08-27,"Standalone, near the Lahartara Kabir birthplace memorial (B, not in this ledger's scope)",Not independently confirmed as a same-day bundle in this packet,Not independently re-verified in this packet; LIVE_RECHECK_LATER on exact access,MISSING,,"PROTECTED_CANON_BASELINE.csv id 024; A_PLUS_MARK_DECISION_LOG.md 'LATEST VARANASI ORDINARY GRADES -- MARK 2026-08-27' (A, reconfirmed); found missing during CCI's WORK-audit repair pass (2026-09-10)",PERMANENT-024
VNS-38,Sarnath Archaeological Museum (Sarnath),Varanasi/Sarnath,A,"Museum holding excavated Sarnath finds including the Ashoka Lion Capital replica, within the Sarnath archaeological complex",Buddhist-heritage/general-traveler content inside the Sarnath world; named individually in canon rather than swallowed by the broad Sarnath label,Child of VNS-04 Sarnath sacred-archaeological world,"Yes, same Sarnath visit block as VNS-04/VNS-14 to VNS-17/VNS-23",Not independently re-verified in this packet; opening hours = LIVE_RECHECK_LATER,HIDDEN_IN_CLUSTER,,PROTECTED_CANON_BASELINE.csv id 032; found hidden inside the broad Sarnath parent label during CCI's WORK-audit repair pass (2026-09-10),PERMANENT-032
VNS-39,Tulsi Ghat (Varanasi),Varanasi/Sarnath,A,"Ganges ghat named for the poet-saint Tulsidas, in the Bhadaini-Assi world",Distinct physical ghat in the Bhadaini-Assi devotional world; naming it only inside the Assi-Tulsi dawn walk (VNS-08) does not give it its own recognizable visit block,"Standalone member of the Bhadaini-Assi world alongside VNS-28 (Assi Ghat), VNS-26 (Anandamayi Ashram) and VNS-40 (Lolark Kund)","Yes, natural same-block bundle with VNS-08/VNS-28/VNS-40",Not independently re-verified in this packet; LIVE_RECHECK_LATER on exact access,HIDDEN_IN_CLUSTER,,PROTECTED_CANON_BASELINE.csv id 036; MARK_DECISIONS_2026-08-02.jsonl VNS-CAND-036 (A); found hidden inside the Assi-Tulsi walk name during CCI's WORK-audit repair pass (2026-09-10),PERMANENT-036
VNS-40,Lolark Kund (Varanasi),Varanasi/Sarnath,A,Old stepped sun/fertility ritual tank in the Bhadaini-Assi world,"Distinct physical sacred tank in the Bhadaini-Assi devotional world, separate from Tulsi Ghat (VNS-39) though adjacent",Standalone member of the Bhadaini-Assi world alongside VNS-39,"Yes, natural same-block bundle with VNS-39/VNS-28",Not independently re-verified in this packet; LIVE_RECHECK_LATER on exact access,MISSING,,PROTECTED_CANON_BASELINE.csv id 037; MARK_DECISIONS_2026-08-02.jsonl VNS-CAND-037 (A); found missing during CCI's WORK-audit repair pass (2026-09-10),PERMANENT-037
VNS-41,Adi Keshava Ghat + Temple (Varanasi),Varanasi/Sarnath,A,"Old Vishnu shrine at the Varuna-Ganges confluence, the classical northern boundary of sacred Kashi",Historically/geographically significant boundary shrine of sacred Kashi; explicitly resolved to A on 2026-08-24,"Standalone, northern old-city boundary site",Not independently confirmed as a same-day bundle in this packet,Not independently re-verified in this packet; LIVE_RECHECK_LATER on exact access,MISSING,,"runs/active/INDIA10-CLUSTER-COVERAGE-REAUDIT-001/CURRENT_OLD_A_PROMOTION_MASTER.md (2026-08-24, RESOLVED A); A_PLUS_MARK_DECISION_LOG.md 'LATEST VARANASI ORDINARY GRADES -- MARK 2026-08-27' (A, reconfirmed); found missing during CCI's WORK-audit repair pass (2026-09-10)",PERMANENT-045
VNS-42,"Alamgir Mosque / Dharahara (Panchganga, Varanasi)",Varanasi/Sarnath,A*,Mosque built on the site of a former Vishnu temple (Beni Madhav ka Darahara) overlooking Panchganga Ghat,Architectural/historical curiosity only because Mark is already at the A+ Tailanga/Panchganga world; no independent pilgrimage claim of its own,"SKIP_FIRST corridor-bycatch of the Panchganga/Tailanga world (VNS-25/VNS-29/VNS-36), not a dedicated excursion","Yes, only as an incidental view/stop while already at Panchganga Ghat, first item to drop if the block runs long",Not independently re-verified in this packet; interior access may be restricted,MISSING,,"runs/active/INDIA10-CLUSTER-COVERAGE-REAUDIT-001/A_PLUS_MARK_DECISION_LOG.md 'LATEST VARANASI ORDINARY GRADES -- MARK 2026-08-27' (A* only, SKIP_FIRST); found missing during CCI's WORK-audit repair pass (2026-09-10)",NOT_IN_PERMANENT_REGISTRY
BOD-07,"International monastery belt (Thai, Bhutanese, Japanese and other monasteries around Mahabodhi, Bodh Gaya)",Bodh Gaya,A,Low-burden walking layer of 2-3 visually/culturally distinct international Buddhist monasteries near Mahabodhi,"Mark reaction 'zeker zien' (definitely want to see); genuine Mark A-grade for the international-monastery walking layer, explicit and dated","Standalone, low-burden flexible walking content near BOD-01/BOD-04; must not become a checklist of every monastery or a dedicated half/full day","Yes, roughly 45-75 minutes flexible walking among 2-3 monasteries when compatible with Mahabodhi/Great Buddha geography and opening hours; must not displace longer time at BOD-01",Not independently re-verified in this packet; individual monastery opening hours = LIVE_RECHECK_LATER,MISSING,,decisions/BODHGAYA_INTERNATIONAL_MONASTERY_BELT_MARK_DECISION_2026-09-04.md; governance/CURRENT_DECISIONS_MASTER.md sec.9; found missing during CCI's WORK-audit repair pass (2026-09-10),NOT_IN_PERMANENT_REGISTRY
BOD-08,"Gaya Tilkut (winter sesame-jaggery producer/food micro-experience, Gaya)",Bodh Gaya,A*,Traditional winter sesame-jaggery (tilkut) sweet from a local Gaya producer,Mark reaction: fun; wants to stop briefly and look/taste if nearby -- host/corridor-dependent food micro-experience,"Standalone FINAL-COMFORT-adjacent food item, zero independent day/night weight, SKIP_FIRST","Yes, only if already passing through Gaya, no dedicated slot",Producer/exact location not independently re-verified in this packet,MISSING,,runs/active/INDIA10-CLUSTER-COVERAGE-REAUDIT-001/BODHGAYA_OPEN_BATCH_MARK_DECISIONS_2026-08-28.md item 6 (A*/SKIP_FIRST); found missing during CCI's WORK-audit repair pass (2026-09-10),NOT_IN_PERMANENT_REGISTRY
