6fbdf3392d176d2796857378fd1743a3f19c3873	2188	governance/CENTRAL_INTEGRATION_REGISTRY.jsonl	1
3b73999389ecf4206444712e69ee7f70133cbaf8	4594	governance/PRECEDENCE_MAP.jsonl	1
3c4858907d9bc26b0058f2973bf83dfefb4076f6	2102	governance/SEMANTIC_IMPORT_REGISTRY_2026-08-23.jsonl	1
f0c8450d85a518dd5d86799a32bd2a2f5c1ea585	4522	knowledge/places/registry.jsonl	1
3aa17754af90f45dd5a122a14b2fb98f1f87a485	4433	knowledge/places/registry.jsonl	13
cc546dc4bd889653a49b5ef692419a1010e7ad37	2715	pipeline/learning/LESSONS.jsonl	11
b6283741a0b25378d2ba5d7723c763dd53a98000	1782	pipeline/learning/LESSONS.jsonl	6
a2b33e63aa2779c14018726a8f6ed3775355e749	857	pipeline/learning/LESSONS.jsonl	1
45d6001a102c7e5835388cff756de29f6d78100b	417	pipeline/tests/fixtures/PIPELINE-HANDOFF-SMOKE-001/fixture_registry_after.jsonl	5
e5e5d0d7bced6c7ce7f612b0370f552e0db50ed8	419	pipeline/tests/fixtures/PIPELINE-HANDOFF-SMOKE-001/fixture_registry_before.jsonl	5
13c3ffe55cd3a4dd5a5cc9878e403c15213a7bd3	12077	research/active/BRAJ-COMPLETE-001/BRONS/claims.jsonl	13
aa86822dfb93bcc753e1dcf1c56f29e21790ade5	9191	research/active/BRAJ-COMPLETE-001/BRONS/experience_reviews.jsonl	13
830ce178b1222f1c338dc549963713b2f499c7d6	10074	research/active/BRAJ-COMPLETE-001/BRONS/images.jsonl	13
e6e5cdfc85ece879dfc51eaf203e0dfac565c544	8459	research/active/BRAJ-COMPLETE-001/BRONS/place_candidates.jsonl	13
3c51b1dc9bdb650d6ee9669fb86abd97fc444586	4083	research/active/BRAJ-COMPLETE-001/BRONS/proximity.jsonl	13
f703370b0dad4d6243fe9b7ca197fb2840b557e1	6635	research/active/BRAJ-COMPLETE-001/BRONS/sources/registry.jsonl	13
497534123e299a979328db8fd7811412e4c1cff3	1860	research/active/BRAJ-COMPLETE-001/BRONS/sources/rejected.jsonl	13
5ac371bb16d3e3c51cb3ff179e07bd81a0c54383	12630	research/active/BRAJ-COMPLETE-001/GOUD/claims.jsonl	11
bd1d5807f3971fb10b925c64b8bf35b0bcb0da15	11084	research/active/BRAJ-COMPLETE-001/GOUD/experience_reviews.jsonl	11
73a74db57146f9956fdee8b17d19012c48598824	4182	research/active/BRAJ-COMPLETE-001/GOUD/geo_connections.jsonl	11
d1a2e3a618c46de5e9bd96f0c9b866e0ee9914ff	15476	research/active/BRAJ-COMPLETE-001/GOUD/geo_locations.jsonl	11
ecc1b0b97a4060db7b7c64204c3d746b7ef63247	11553	research/active/BRAJ-COMPLETE-001/GOUD/images.jsonl	11
4b0de93ac9c891c31ef87697f2bc6b6755e02a1d	6537	research/active/BRAJ-COMPLETE-001/GOUD/place_candidates.jsonl	11
056797679080dcb62606bd7b0d6fe7fcc0246ef8	9408	research/active/BRAJ-COMPLETE-001/GOUD/proximity.jsonl	11
13b3e95ed4d212e47ab8d902a6186a70ee1b3cb1	7044	research/active/BRAJ-COMPLETE-001/GOUD/sources/registry.jsonl	11
2d8c051454618bff638cab295ccf098f3ae512fb	2283	research/active/BRAJ-COMPLETE-001/GOUD/sources/rejected.jsonl	11
ba709722a19c005392f93bfb3577d77416a2427f	12813	research/active/BRAJ-COMPLETE-001/ZILVER/claims.jsonl	12
bb5bbb7972af14cce41c2cfd9bf280ae5781d93d	10191	research/active/BRAJ-COMPLETE-001/ZILVER/experience_reviews.jsonl	12
db1613dde89bdad23be3d5ddc4b4de545af6c3ad	10973	research/active/BRAJ-COMPLETE-001/ZILVER/images.jsonl	12
bcf0b2cbb8aff64fc0cca92e484dc63109070692	7775	research/active/BRAJ-COMPLETE-001/ZILVER/place_candidates.jsonl	12
6bd350b5edd99f623f1036fa34652b09cf566a65	7903	research/active/BRAJ-COMPLETE-001/ZILVER/proximity.jsonl	12
9962d20ce1c5a636bb0a41310e652da6ac57a806	6679	research/active/BRAJ-COMPLETE-001/ZILVER/sources/registry.jsonl	12
3080e991ff1a26c8758354d46447468680b46b10	1866	research/active/BRAJ-COMPLETE-001/ZILVER/sources/rejected.jsonl	12
95c542126f59e78acf019782b8f4ab5994bcbfeb	8224	research/active/BRAJ-COMPLETE-001/events.jsonl	8
2f73bd4bdb72df53567f62608a39cc873c7e3f69	7688	research/active/BRAJ-COMPLETE-001/events.jsonl	3
9d0d5b86c1387e625068f9c5e22500661ae9e13d	6280	research/active/BRAJ-COMPLETE-001/events.jsonl	1
a1cf234b579f5d06678996ebaa7faded8440de18	3306	research/active/BRAJ-COMPLETE-001/events.jsonl	1
d95926744f59a838607a6158f94c35dfefe5e9b7	472	research/active/BRAJ-COMPLETE-001/events.jsonl	1
0c67a93da47120bf7886ba6b961259312d715d5e	5917	research/active/KUMAON-COMPLETE-001/BRONS/base_comparison.jsonl	3
af30c871b822591f80c88338b77e8f1f96345203	12176	research/active/KUMAON-COMPLETE-001/BRONS/candidates.jsonl	3
41d009c1b990d559a266027c8966fd3865043c81	16293	research/active/KUMAON-COMPLETE-001/BRONS/claims.jsonl	3
7710f9c7017f86ff64101eec671a3c64b5fa7e2c	4021	research/active/KUMAON-COMPLETE-001/BRONS/detector_checks.jsonl	3
cea3c36cd1c3703f796d2ff7e45230dc65d8753c	8820	research/active/KUMAON-COMPLETE-001/BRONS/experience_reviews.jsonl	3
c6225db82212be0e5dd13425e62e96b741866056	11045	research/active/KUMAON-COMPLETE-001/BRONS/images.jsonl	3
9586107a44389562c12ea2b599f2835599643bb0	7156	research/active/KUMAON-COMPLETE-001/BRONS/location_assignments.jsonl	3
162568cc6608ee3108f5034f0735e56e53f56af3	10324	research/active/KUMAON-COMPLETE-001/BRONS/map_source.jsonl	3
af7f05e804eb9919b63722957f24885caa73333c	3460	research/active/KUMAON-COMPLETE-001/BRONS/negative_searches.jsonl	3
5323a05b6b0d975ef05038b3aa4f16f78b7ab3c3	9241	research/active/KUMAON-COMPLETE-001/BRONS/practical_access.jsonl	3
d68239b2e59d9283016e9b364adc8993dc769e98	9875	research/active/KUMAON-COMPLETE-001/BRONS/proximity.jsonl	3
cb30c283cd6ea98a823fd9c8f30e1c34a3499963	11154	research/active/KUMAON-COMPLETE-001/BRONS/sources/registry.jsonl	3
85aa9a147cf559a84409e7cd63cc181e92c26af6	1768	research/active/KUMAON-COMPLETE-001/BRONS/sources/rejected.jsonl	3
bb2305e542b3de435eb6af8e264c16785f2f6316	2149	research/active/KUMAON-COMPLETE-001/BRONS/station_and_route_nodes.jsonl	3
ed0fdea3398cc01a261dd6e0ffb5c0d47a8cbf3b	12884	research/active/KUMAON-COMPLETE-001/BRONS/working_geo.jsonl	3
6bf244c28f02611ba033f338d62903537b843e2e	3693	research/active/KUMAON-COMPLETE-001/GOUD/base_comparison.jsonl	4
28ec04c9cea0a0b5cc07757909a76b93b6ea402e	11589	research/active/KUMAON-COMPLETE-001/GOUD/candidates.jsonl	4
910f2807247c5547bcf1fc9fc063217a0adb8e2b	18054	research/active/KUMAON-COMPLETE-001/GOUD/claims.jsonl	4
ca7dc8d856e6db8963c7556a20a8a96b5b17417a	4159	research/active/KUMAON-COMPLETE-001/GOUD/detector_checks.jsonl	4
d45ae50061e0dcb680a3af8fe2f8acda0761a4e0	9003	research/active/KUMAON-COMPLETE-001/GOUD/experience_reviews.jsonl	4
da369f8f96f88d4915f1c243963656be93cb11fe	13985	research/active/KUMAON-COMPLETE-001/GOUD/geo_connections.jsonl	2
1d44fbce8c9372d631b69f992af158ef456a6f8e	18255	research/active/KUMAON-COMPLETE-001/GOUD/geo_locations.jsonl	2
780822e2341a51fc81531d8676d5e470c6959266	11600	research/active/KUMAON-COMPLETE-001/GOUD/images.jsonl	4
5f015b21775e904ed9dcf9ed4fd958b275430227	4418	research/active/KUMAON-COMPLETE-001/GOUD/location_assignments.jsonl	4
548be6a5a902192b0325888ff342af933fdd205d	10086	research/active/KUMAON-COMPLETE-001/GOUD/map_source.jsonl	4
515578066c15050f6481ae490c795733d78085f8	3332	research/active/KUMAON-COMPLETE-001/GOUD/negative_searches.jsonl	4
1c99a22cae17d69173802369f988f7bd27c7f10b	15334	research/active/KUMAON-COMPLETE-001/GOUD/practical_access.jsonl	4
f75dc0782077d0c455e6203ee5d77e88924fba7b	10850	research/active/KUMAON-COMPLETE-001/GOUD/proximity.jsonl	4
1d94e01394ddf2d805d37b2f03a4620149c5dfc4	8936	research/active/KUMAON-COMPLETE-001/GOUD/sources/registry.jsonl	4
baacf28eec16da41d17f3679f167ba8a54754a0a	1911	research/active/KUMAON-COMPLETE-001/GOUD/sources/rejected.jsonl	4
169bd9376c4fce754cb8387987d5e629f7af7d00	1785	research/active/KUMAON-COMPLETE-001/GOUD/station_and_route_nodes.jsonl	4
4a2765d86e77b1c660cdfa00a6e60bc07967c143	12219	research/active/KUMAON-COMPLETE-001/GOUD/working_geo.jsonl	4
fc15ef577d3c4358b1be9c194793ebe81dcd6181	12682	research/active/KUMAON-COMPLETE-001/events.jsonl	2
26f9846fe772f5ab6a870edb31c862fe5ad5e8e4	4178	research/active/KUMAON-COMPLETE-001/events.jsonl	1
be5982a548b7e789791287afa1313b61b536582e	773	research/active/KUMAON-COMPLETE-001/events.jsonl	1
8b13d5f930ef54ca95e79fd00ada7f4c562b40f3	6793	research/active/KUMAON-COMPLETE-001/predecessor_geo_snapshot.jsonl	4
6a413ff8538b3f7ca2c503117d1658b3d686795e	2598	research/active/KUMAON-ROUTE-OPTIMIZATION-001/BRONS/arrival_and_exit_analysis.jsonl	2
175e2b80266ba703e501807ac02e821de26b7cf6	1696	research/active/KUMAON-ROUTE-OPTIMIZATION-001/BRONS/base_and_nights_plan.jsonl	2
e833ca6059d816229a93377bc535eb0f668ac93f	6208	research/active/KUMAON-ROUTE-OPTIMIZATION-001/BRONS/claims.jsonl	2
e99931441b802de712f32a93b4c71707fe2bac6d	2348	research/active/KUMAON-ROUTE-OPTIMIZATION-001/BRONS/door_to_door_comparison.jsonl	2
75a99727f46fa3ccee947f6d17212e58e882b2d8	290	research/active/KUMAON-ROUTE-OPTIMIZATION-001/BRONS/experience_reviews.jsonl	2
da02f6858e79e2d0a722ba96e44c05044a8c64f9	235	research/active/KUMAON-ROUTE-OPTIMIZATION-001/BRONS/images.jsonl	2
7120d55db17301f933824a838623b00aa9433e8d	2543	research/active/KUMAON-ROUTE-OPTIMIZATION-001/BRONS/intercluster_transport_matrix.jsonl	2
32f09c1717de45991a0626aebbd21822997363cc	2007	research/active/KUMAON-ROUTE-OPTIMIZATION-001/BRONS/kml_route_input.jsonl	2
072fbe7957bc0d326754c4ea66029030e43bda50	3019	research/active/KUMAON-ROUTE-OPTIMIZATION-001/BRONS/live_recheck_register.jsonl	2
00f5c675e469bebdeafd025c132ece419b5a9854	3406	research/active/KUMAON-ROUTE-OPTIMIZATION-001/BRONS/route_sequence.jsonl	2
f3e144ad980869c182ab638492adeb0efad8eed1	8416	research/active/KUMAON-ROUTE-OPTIMIZATION-001/BRONS/sources/registry.jsonl	2
34b41e5ba8a71737d12955ce63a98acdfbcc4aca	1127	research/active/KUMAON-ROUTE-OPTIMIZATION-001/BRONS/sources/rejected.jsonl	2
d7c972170cdbb06050c020187887fd53ef133d50	2363	research/active/KUMAON-ROUTE-OPTIMIZATION-001/BRONS/train_services.jsonl	2
134e0b510011db197936ababf8c0798c22b39f5f	1309	research/active/KUMAON-ROUTE-OPTIMIZATION-001/BRONS/train_stop_detector_inputs.jsonl	2
8f2c8265c01c5317c8b7695ff1911a740a400f7e	5672	research/active/KUMAON-ROUTE-OPTIMIZATION-001/BRONS/train_stops.jsonl	2
3490d9bade30c84bdef1cd156457a11a2ed2bd8e	5365	research/active/KUMAON-ROUTE-OPTIMIZATION-001/events.jsonl	2
0ce9516a2ab143a3c5780821d2b0c0123ef8df69	20236	research/active/VARANASI-COMPLETE-001/BRONS/claims.jsonl	2
d5330bb17a02c6c2c3276a9f6dd2d31153391644	2229	research/active/VARANASI-COMPLETE-001/BRONS/detector_checks.jsonl	2
805c9152450809c50b3c468a5b8d595ef90a8ff0	21691	research/active/VARANASI-COMPLETE-001/BRONS/experience_reviews.jsonl	2
3300048f4ce95746637e4c9c501c501115a50ce2	18651	research/active/VARANASI-COMPLETE-001/BRONS/images.jsonl	2
6ba7455ac40d936d85c7b0fa22f65fafa8249ad9	1543	research/active/VARANASI-COMPLETE-001/BRONS/negative_searches.jsonl	2
d1420e27bfaa7ca813e4ff761f2975728b07b357	3116	research/active/VARANASI-COMPLETE-001/BRONS/proximity.jsonl	2
16d2425473d6d1773757554a386795f18e3f5bfc	6502	research/active/VARANASI-COMPLETE-001/BRONS/sources/registry.jsonl	2
9077bb3678baf6c57a5a5f4785f6b51f4a66be13	1562	research/active/VARANASI-COMPLETE-001/BRONS/sources/rejected.jsonl	2
da7be7eb5257398b6d49681bb52abcebe1499688	23023	research/active/VARANASI-COMPLETE-001/GOUD/MASTER_A_B_GEO_REGISTRY_VERIFIED.jsonl	4
6e1f8688b4af305333986dd299ce8ba9c071b9d0	19768	research/active/VARANASI-COMPLETE-001/GOUD/candidates.jsonl	2
65047e76d6774023dd462cee5a0f7266edc0e84c	13195	research/active/VARANASI-COMPLETE-001/GOUD/claims.jsonl	2
2099a950295fe28b9a0184ff6920825a27a63ff9	2442	research/active/VARANASI-COMPLETE-001/GOUD/detector_checks.jsonl	2
b467e9c44ff8aa612bddf512a83e74a1b1d1e3a5	10210	research/active/VARANASI-COMPLETE-001/GOUD/experience_reviews.jsonl	2
f18415fcddb07b988f74230e90d912c3dd665822	6606	research/active/VARANASI-COMPLETE-001/GOUD/geo_connections.jsonl	1
a82ab5b3c0a00a6191bf5e7ee8eee8b21ceb6bd6	18785	research/active/VARANASI-COMPLETE-001/GOUD/geo_locations.jsonl	1
eaa607d69788a26dacc5e454a72ce167a8f8e8a2	9344	research/active/VARANASI-COMPLETE-001/GOUD/images.jsonl	2
32a007f0fd7e9e195a8019f9da37623c98578934	1626	research/active/VARANASI-COMPLETE-001/GOUD/negative_searches.jsonl	2
d6e3eaa9bd5e93d44e86d62e9d5d8d96b9232fc9	14931	research/active/VARANASI-COMPLETE-001/GOUD/practical_access.jsonl	2
173e7f288e81fcf5f624a0eb0778eadf921e3db0	5050	research/active/VARANASI-COMPLETE-001/GOUD/proximity.jsonl	2
fe68142dae76abf2027276538d5b3efca455d1a7	7498	research/active/VARANASI-COMPLETE-001/GOUD/sources/registry.jsonl	2
3db4f3b55c097cac8f080a17a6075e108889106d	1335	research/active/VARANASI-COMPLETE-001/GOUD/sources/rejected.jsonl	2
2413a99159ef2cc17fd6d66a3aea701f7e70e7d3	18668	research/active/VARANASI-COMPLETE-001/GOUD/working_geo.jsonl	2
b47a9e1961a1b6a21ef016e257953cd48f5f5a99	9802	research/active/VARANASI-COMPLETE-001/events.jsonl	1
4226b8636db5ef1964dbb9b734d75c5dabb6a8a9	3924	research/active/VARANASI-COMPLETE-001/events.jsonl	1
39893e324244cf3efed119a13a11914c3cff04f6	3867	research/active/VRINDAVAN-INTEGRATION-001/BRONS/claims.jsonl	18
a82f4d6c0d916d47d33b2c4acf155b1cc135b1fb	2820	research/active/VRINDAVAN-INTEGRATION-001/BRONS/sources/registry.jsonl	18
9f1bf39e80936805e3dd28af74d8a5931f730463	1227	research/active/VRINDAVAN-INTEGRATION-001/BRONS/sources/rejected.jsonl	17
aec130b002133845dec2163aeecf16b2f4cd9dc8	1148	research/active/VRINDAVAN-INTEGRATION-001/BRONS/sources/rejected.jsonl	1
f06fa6c8e08242ec935be2493a96539fded1e435	5125	research/active/VRINDAVAN-INTEGRATION-001/GOUD/claims.jsonl	17
19445c1623e69c157876f73b243ecc7f9640771e	3786	research/active/VRINDAVAN-INTEGRATION-001/GOUD/sources/registry.jsonl	17
13946b8efa5fae3c6728456dcc73d6d60af78ec7	2110	research/active/VRINDAVAN-INTEGRATION-001/GOUD/sources/rejected.jsonl	17
4952354938f4e7c519164c3f5a924591fb242318	3719	research/active/VRINDAVAN-INTEGRATION-001/ZILVER/claims.jsonl	17
0d9501d12189059b9e47c2dbc613355e3b96ba9b	3242	research/active/VRINDAVAN-INTEGRATION-001/ZILVER/sources/registry.jsonl	17
4a9f67a5f77bbb4b8824f604384d581d8a8ae1b7	1318	research/active/VRINDAVAN-INTEGRATION-001/ZILVER/sources/rejected.jsonl	17
7d97100c723cb82f5166f92c0f09ed44336d4304	10143	research/active/VRINDAVAN-INTEGRATION-001/events.jsonl	16
9546f8800b03463cb0cc0cf3efd4d576ecb5d8b8	9619	research/active/VRINDAVAN-INTEGRATION-001/events.jsonl	1
bae08d8bc738f98ee65f53d6b26c5b8cd245b157	1449	research/active/VRINDAVAN-INTEGRATION-001/events.jsonl	1
01c6af5151426399b1fb68f8dc4f798497206dd3	23708	research/active/VRINDAVAN-KUMAON-CORRIDOR-001/BRONS/central_map_source.jsonl	7
ab4c8a98a3e3e97f0f06bfb41b23f8446ddb51b3	9207	research/active/VRINDAVAN-KUMAON-CORRIDOR-001/BRONS/claims.jsonl	7
be6446a6a45f95f62c0ac92163bc4ded4b56c33e	2872	research/active/VRINDAVAN-KUMAON-CORRIDOR-001/BRONS/detector_checks.jsonl	7
a8d01110153ef801d80edb92450d5646e4bdb71c	1796	research/active/VRINDAVAN-KUMAON-CORRIDOR-001/BRONS/heavy_a_gate.jsonl	7
8710591ffada0ce7578af3cd39e9d53c3a387d8a	5561	research/active/VRINDAVAN-KUMAON-CORRIDOR-001/BRONS/location_assignments.jsonl	7
a52fda3b3038b49ebb58f431419194fd865d431f	1127	research/active/VRINDAVAN-KUMAON-CORRIDOR-001/BRONS/location_id_requests.jsonl	7
d9cd94777abc4b4cf204bd7f8bbf16c0e33a3e44	3509	research/active/VRINDAVAN-KUMAON-CORRIDOR-001/BRONS/negative_searches.jsonl	7
b41f512f515b45ff8087646c620e309d5c6c9743	3276	research/active/VRINDAVAN-KUMAON-CORRIDOR-001/BRONS/route_corridors.jsonl	7
64325d504848e3dcfc5945c2ce4b3008ff3cb48e	3120	research/active/VRINDAVAN-KUMAON-CORRIDOR-001/BRONS/route_zones.jsonl	7
ec1f4a97c82095310e659ec2128c6dac78b1df6c	10553	research/active/VRINDAVAN-KUMAON-CORRIDOR-001/BRONS/sources/registry.jsonl	7
10c0a470bc594f93d3ba7f08800f3fd4f9383fc6	1933	research/active/VRINDAVAN-KUMAON-CORRIDOR-001/BRONS/sources/rejected.jsonl	7
11412abeeef27a1946165c2cfd9aed3757a7ae31	2641	research/active/VRINDAVAN-KUMAON-CORRIDOR-001/BRONS/transport_options.jsonl	7
6202166552b2e6e3f5b124c3ad01282d18fdd32f	23068	research/active/VRINDAVAN-KUMAON-CORRIDOR-001/BRONS/working_geo.jsonl	7
8551908d851960f989a0e9cea32c28a94c0b40e1	24242	research/active/VRINDAVAN-KUMAON-CORRIDOR-001/GOUD/central_map_source.jsonl	8
3ff19c35e58408e9a9c1d6c73fea6251b9e365e2	3232	research/active/VRINDAVAN-KUMAON-CORRIDOR-001/GOUD/claims.jsonl	4
b19e9a0ae925a774a1c2b1e29a497029fb9ef6b9	2984	research/active/VRINDAVAN-KUMAON-CORRIDOR-001/GOUD/detector_checks.jsonl	8
9d9073ab455c3822ef82555f62d85ceae3f12860	1724	research/active/VRINDAVAN-KUMAON-CORRIDOR-001/GOUD/geo_connections.jsonl	4
2dd7f3e903d2c3be4098167afd8caca2643b3c9d	22948	research/active/VRINDAVAN-KUMAON-CORRIDOR-001/GOUD/geo_locations.jsonl	12
2274309561dc092128f57a4cdc8220777bfe7659	1852	research/active/VRINDAVAN-KUMAON-CORRIDOR-001/GOUD/heavy_a_gate.jsonl	8
185948e8e2bd8b6e2caac5d3853811b286c88609	5998	research/active/VRINDAVAN-KUMAON-CORRIDOR-001/GOUD/location_assignments.jsonl	8
4ddb575131f3bf277a855e7013e01b3efa53d9c9	1259	research/active/VRINDAVAN-KUMAON-CORRIDOR-001/GOUD/location_id_requests.jsonl	8
b0b74ee16b95868a3aa25e036053c5cfcb14ff76	3537	research/active/VRINDAVAN-KUMAON-CORRIDOR-001/GOUD/negative_searches.jsonl	8
2dd556e7857572fb87bcd21a1f095dc753a7078a	3255	research/active/VRINDAVAN-KUMAON-CORRIDOR-001/GOUD/route_corridors.jsonl	8
bd31b2d2487377796767f34d74ea9f8281754ac0	3253	research/active/VRINDAVAN-KUMAON-CORRIDOR-001/GOUD/route_zones.jsonl	8
0d0b497441a4db7e22574e4b699d2c0edc8890ce	9201	research/active/VRINDAVAN-KUMAON-CORRIDOR-001/GOUD/sources/registry.jsonl	4
46cad98bc4aab97f7e37e513d3ee0a1cc7a62eea	2228	research/active/VRINDAVAN-KUMAON-CORRIDOR-001/GOUD/sources/rejected.jsonl	8
e99769e8ab5112999147f3da90c0c0edecc4fb8e	2696	research/active/VRINDAVAN-KUMAON-CORRIDOR-001/GOUD/transport_options.jsonl	8
47fa624fb9b496cb6b55c4b3b94c4e4d4ae0b959	8024	research/active/VRINDAVAN-KUMAON-CORRIDOR-001/ZILVER/claims.jsonl	4
33a205b2c6e3e9afcde1bffd70edf31c9b3c712c	9131	research/active/VRINDAVAN-KUMAON-CORRIDOR-001/ZILVER/sources/registry.jsonl	4
3fd17796bcfd0fe87fb24ffdde629c12c57f64f3	11025	research/active/VRINDAVAN-KUMAON-CORRIDOR-001/events.jsonl	4
62bc92f153c983838356f63fc0ef752bd3c3520d	4135	research/active/VRINDAVAN-KUMAON-CORRIDOR-001/events.jsonl	3
73ca05a759da32e4dc42ea84fb074e1bffb2c621	692	research/active/VRINDAVAN-KUMAON-CORRIDOR-001/events.jsonl	1
3217d1c1ebba7a8e1e3724a327fc94d8e82f5943	4393	research/active/VRINDAVAN-SUPPLEMENT-001/BRONS/claims.jsonl	15
a544339877c995d59275ffb8cbd629b0caa19ce2	3192	research/active/VRINDAVAN-SUPPLEMENT-001/BRONS/sources/registry.jsonl	15
dc765ffd09fea7433ab95d223fdea37e750cdb8f	1386	research/active/VRINDAVAN-SUPPLEMENT-001/BRONS/sources/rejected.jsonl	15
a551fceab2d4c9a94265b4239ac29fb8e9f49264	2844	research/active/VRINDAVAN-SUPPLEMENT-001/GOUD/claims.jsonl	15
0eae13ecab784a789d8de7eab42958c9adf7eba2	1578	research/active/VRINDAVAN-SUPPLEMENT-001/GOUD/sources/registry.jsonl	15
23241b59409eb4a475d4ba4d0f2bb74930b93563	2019	research/active/VRINDAVAN-SUPPLEMENT-001/GOUD/sources/rejected.jsonl	15
101b22c2c983ef4e02aea16f67251c78bc393a02	2243	research/active/VRINDAVAN-SUPPLEMENT-001/ZILVER/claims.jsonl	15
de0ecdda4704383ddfc65324cf8df49953cdcfcf	1464	research/active/VRINDAVAN-SUPPLEMENT-001/ZILVER/sources/registry.jsonl	15
87a5b4698398c801e2eca5d17598e201497ca038	1357	research/active/VRINDAVAN-SUPPLEMENT-001/ZILVER/sources/rejected.jsonl	15
e1f9b1bedf90d21c8729513a05f581b956dc892a	8023	research/active/VRINDAVAN-SUPPLEMENT-001/events.jsonl	15
d5533a21f07dc16a5edb6767df64c9ce2211634a	26264	runs/active/INDIA9-CATEGORY1-SEMANTIC-READ-PACK-007/CATEGORY1_MANIFEST.jsonl	2
e24f7e89c0f14b06096e6efe97dfd960c0280ab8	384308	runs/active/INDIA9-CATEGORY1-SEMANTIC-READ-PACK-007/CATEGORY1_READ_STREAM.jsonl	2
ae7ee6cfe427ae07656f6b4440f100e2c3bbdde6	2074	runs/active/INDIA9-CATEGORY1-SEMANTIC-READ-PACK-007/CATEGORY1_REVIEW_VOLUMES_INDEX.jsonl	2
048d99afcf4abe95ea16165235c2e377bd75e7d1	809667	runs/active/INDIA9-SUCCESSOR-BOOT-KNOWLEDGE-ARCHITECTURE-006/BRANCH_ONLY_SEMANTIC_COVERAGE_LEDGER.jsonl	2
2d3c7a9a3408abf8d5e0ef2f83ee72716e92c9e2	2703	runs/active/INDIABLAUW-ANANDAMAYI-YOGANANDA-PHOTO-LOCATIONS-001/PHOTO_LOCATION_CLOSURE.jsonl	1
43cc1a75db076442b9eec5e68a6bc55818274ce3	9178	runs/active/INDIABLAUW-AOAY-YOGANANDA-LOCATION-CLOSURE-001/AOAY_YOGANANDA_ENTITY_CANDIDATES.jsonl	1
2ee6037a5732c7babfdb1ea287d4d71c94331aba	26437	runs/active/INDIABLAUW-AOAY-YOGANANDA-LOCATION-CLOSURE-001/AOAY_YOGANANDA_SOURCE_RECORDS.jsonl	1
d9fa5f8c8bae5dce7e7ec9f01c3b5e243921c57f	43436	runs/active/INDIAGEEL-FOURPERSON-LOCATION-CLOSURE-001/FOURPERSON_ENTITY_CANDIDATES.jsonl	1
390d3c516a32c4bddc5d895709314c43ab2b1bd8	9093	runs/active/INDIAGEEL-FOURPERSON-LOCATION-CLOSURE-001/FOURPERSON_SOURCE_RECORDS.jsonl	1
07f70198eda0b683586039d01c72960698bcbbdf	24853	runs/active/INDIAROOD-CORE-KRIYA-LOCATION-CLOSURE-001/CORE_KRIYA_ENTITY_CANDIDATES.jsonl	1
fbb247d8f845d92c2c30bb4f2aaba01aac381085	10846	runs/active/INDIAROOD-CORE-KRIYA-LOCATION-CLOSURE-001/CORE_KRIYA_SOURCE_RECORDS.jsonl	1
cfef623f8e937282d12aa583b3dc4645df91850a	12988	runs/active/INDIATURQUOISE-ENTITY-OVERLAP-RECONCILIATION-001/ENTITY_MERGE_MAP.jsonl	1
a3e9c10a3fa7a0fe37acaabf9a2d38815562c021	15538	runs/active/INDIAWIT-ANANDAMAYI-HERITAGE-LOCATION-CLOSURE-001/ANANDAMAYI_ENTITY_CANDIDATES.jsonl	1
da70c3363843155812c5b0eb4832818496a301f7	6980	runs/active/INDIAWIT-ANANDAMAYI-HERITAGE-LOCATION-CLOSURE-001/ANANDAMAYI_SOURCE_RECORDS.jsonl	1
307820e48d266a2b5ca530b05df0d9f7357ff764	9093	runs/active/TOP11-RAMANA-RAMAKRISHNA-MULTIDETECTOR-RECONCILIATION-001/RECONCILIATION_MATRIX.jsonl	4
4b171be06ec5fce93c61688c629c0de2e9838450	1981	runs/active/VARANASI-GEO-DELIVERY-REPAIR-001/BRONS/BRONS-B03.jsonl	5
